,0,1,2,3,4,5,6,7,8,9,10,11,12,13,14,15,16,17,18,19,20,21,22,23,24,25,26
0,111.0,237.0,0.0,197.0,243.0,219.0,275.0,7.0,234.0,138.0,24.0,289.0,24.0,3.0,253.0,199.0,289.0,7.0,205.0,237.0,237.0,186.0,5.0,68.0,240.0,281.0,221.0
1,142.0,217.0,2.0,170.0,233.0,208.0,245.0,7.0,246.0,160.0,90.0,277.0,97.0,8.0,229.0,129.0,286.0,27.0,231.0,218.0,220.0,141.0,9.0,55.0,182.0,272.0,172.0
2,21.0,26.0,0.0,23.0,31.0,24.0,34.0,2.0,31.0,20.0,12.0,36.0,11.0,2.0,31.0,23.0,35.0,2.0,19.0,27.0,22.0,25.0,1.0,9.0,24.0,35.0,25.0
3,4.0,11.0,0.0,8.0,13.0,11.0,11.0,3.0,13.0,5.0,3.0,14.0,3.0,1.0,13.0,6.0,11.0,2.0,13.0,10.0,9.0,3.0,3.0,3.0,7.0,11.0,7.0
4,61.0,78.0,0.0,62.0,80.0,70.0,95.0,5.0,85.0,48.0,26.0,108.0,10.0,7.0,85.0,70.0,110.0,4.0,64.0,78.0,76.0,68.0,5.0,28.0,77.0,107.0,72.0
5,276.0,365.0,3.0,307.0,376.0,361.0,395.0,18.0,371.0,278.0,85.0,419.0,58.0,18.0,373.0,302.0,424.0,17.0,358.0,357.0,363.0,309.0,10.0,123.0,332.0,418.0,339.0
6,1379.0,2009.0,7.0,1737.0,2077.0,1999.0,2127.0,94.0,2019.0,1395.0,252.0,2171.0,167.0,68.0,2064.0,1713.0,2182.0,83.0,1959.0,2014.0,1985.0,1824.0,35.0,984.0,1917.0,2163.0,1884.0
7,4.0,6.0,0.0,7.0,7.0,6.0,8.0,1.0,7.0,6.0,3.0,8.0,4.0,1.0,7.0,5.0,8.0,1.0,5.0,6.0,8.0,4.0,1.0,1.0,6.0,8.0,7.0
8,5.0,8.0,0.0,6.0,9.0,7.0,9.0,2.0,7.0,4.0,3.0,21.0,2.0,2.0,8.0,7.0,21.0,2.0,7.0,8.0,7.0,7.0,2.0,4.0,7.0,21.0,7.0
9,4.0,6.0,0.0,6.0,8.0,7.0,9.0,0.0,9.0,7.0,3.0,9.0,5.0,0.0,8.0,5.0,9.0,0.0,3.0,7.0,6.0,6.0,0.0,0.0,4.0,9.0,5.0
10,8.0,11.0,0.0,8.0,13.0,10.0,13.0,2.0,10.0,8.0,4.0,14.0,3.0,1.0,11.0,8.0,14.0,2.0,11.0,11.0,11.0,7.0,2.0,6.0,9.0,14.0,10.0
11,29.0,34.0,0.0,24.0,35.0,30.0,37.0,5.0,34.0,32.0,26.0,37.0,15.0,3.0,36.0,28.0,37.0,7.0,31.0,34.0,32.0,27.0,4.0,17.0,27.0,37.0,25.0
12,3.0,5.0,0.0,5.0,6.0,6.0,6.0,0.0,8.0,0.0,2.0,8.0,0.0,0.0,6.0,6.0,8.0,0.0,5.0,6.0,6.0,6.0,0.0,4.0,5.0,6.0,5.0
13,9.0,15.0,0.0,9.0,17.0,13.0,17.0,0.0,15.0,10.0,4.0,17.0,2.0,0.0,17.0,10.0,17.0,1.0,13.0,16.0,13.0,11.0,0.0,4.0,11.0,17.0,14.0
14,6.0,17.0,0.0,8.0,21.0,20.0,22.0,3.0,27.0,6.0,7.0,27.0,2.0,0.0,22.0,15.0,24.0,2.0,18.0,15.0,12.0,8.0,3.0,7.0,11.0,20.0,9.0
15,2.0,4.0,0.0,4.0,3.0,3.0,4.0,0.0,3.0,1.0,0.0,4.0,0.0,0.0,4.0,4.0,4.0,0.0,4.0,3.0,4.0,4.0,0.0,1.0,3.0,4.0,3.0
16,19.0,37.0,0.0,29.0,38.0,32.0,40.0,2.0,37.0,19.0,4.0,40.0,6.0,1.0,36.0,31.0,40.0,2.0,31.0,35.0,34.0,28.0,2.0,14.0,32.0,40.0,34.0
17,27.0,34.0,0.0,22.0,36.0,34.0,40.0,1.0,39.0,28.0,10.0,41.0,11.0,2.0,36.0,32.0,41.0,1.0,33.0,37.0,38.0,32.0,1.0,8.0,30.0,41.0,32.0
18,74.0,90.0,0.0,72.0,91.0,90.0,99.0,6.0,94.0,83.0,44.0,113.0,26.0,4.0,93.0,72.0,114.0,9.0,78.0,93.0,88.0,74.0,4.0,34.0,80.0,113.0,67.0
19,379.0,504.0,0.0,441.0,512.0,489.0,528.0,31.0,492.0,408.0,120.0,544.0,62.0,22.0,515.0,421.0,547.0,20.0,473.0,498.0,505.0,431.0,11.0,228.0,476.0,541.0,462.0
20,5.0,8.0,0.0,7.0,7.0,7.0,8.0,2.0,9.0,6.0,3.0,8.0,3.0,1.0,7.0,5.0,8.0,1.0,7.0,8.0,8.0,4.0,2.0,3.0,6.0,8.0,7.0
21,11.0,13.0,0.0,6.0,13.0,12.0,13.0,1.0,12.0,13.0,10.0,13.0,11.0,1.0,13.0,11.0,13.0,1.0,13.0,13.0,13.0,11.0,1.0,3.0,9.0,13.0,9.0
22,4.0,7.0,0.0,6.0,7.0,6.0,7.0,0.0,9.0,3.0,2.0,9.0,2.0,0.0,7.0,7.0,9.0,0.0,5.0,7.0,4.0,6.0,0.0,4.0,4.0,7.0,4.0
23,120.0,139.0,0.0,111.0,145.0,135.0,155.0,6.0,144.0,119.0,60.0,171.0,32.0,6.0,145.0,118.0,172.0,10.0,132.0,138.0,136.0,118.0,6.0,46.0,126.0,168.0,116.0
24,212.0,256.0,0.0,217.0,264.0,254.0,270.0,13.0,264.0,207.0,75.0,290.0,37.0,15.0,266.0,219.0,289.0,15.0,241.0,255.0,257.0,218.0,8.0,113.0,244.0,283.0,230.0
25,1.0,1.0,0.0,3.0,2.0,1.0,3.0,0.0,1.0,1.0,0.0,3.0,0.0,0.0,2.0,1.0,3.0,0.0,1.0,1.0,2.0,1.0,0.0,1.0,2.0,3.0,1.0
26,7.0,9.0,0.0,9.0,11.0,10.0,13.0,1.0,11.0,8.0,3.0,13.0,6.0,1.0,11.0,8.0,13.0,1.0,3.0,11.0,8.0,8.0,1.0,1.0,6.0,13.0,6.0
27,14.0,18.0,0.0,16.0,24.0,21.0,22.0,2.0,27.0,14.0,5.0,27.0,4.0,0.0,24.0,19.0,24.0,0.0,16.0,19.0,16.0,18.0,2.0,8.0,14.0,22.0,15.0
28,48.0,69.0,0.0,53.0,67.0,65.0,79.0,6.0,76.0,42.0,25.0,93.0,13.0,3.0,72.0,54.0,92.0,6.0,55.0,69.0,63.0,57.0,4.0,33.0,63.0,90.0,55.0
29,75.0,94.0,0.0,76.0,102.0,98.0,103.0,5.0,107.0,76.0,46.0,108.0,22.0,7.0,104.0,80.0,105.0,9.0,89.0,100.0,92.0,82.0,5.0,45.0,85.0,102.0,77.0
30,2.0,2.0,0.0,4.0,3.0,2.0,5.0,0.0,3.0,2.0,1.0,5.0,0.0,0.0,4.0,2.0,5.0,0.0,2.0,2.0,3.0,2.0,1.0,1.0,4.0,5.0,2.0
31,5.0,6.0,0.0,7.0,8.0,5.0,11.0,2.0,7.0,4.0,2.0,10.0,2.0,2.0,9.0,5.0,9.0,2.0,6.0,6.0,6.0,5.0,2.0,3.0,8.0,9.0,5.0
32,48.0,118.0,0.0,82.0,126.0,104.0,141.0,0.0,125.0,42.0,1.0,144.0,0.0,0.0,127.0,84.0,144.0,0.0,114.0,124.0,120.0,93.0,0.0,28.0,124.0,141.0,94.0
33,26.0,60.0,0.0,48.0,65.0,41.0,77.0,0.0,63.0,29.0,3.0,80.0,0.0,2.0,68.0,39.0,80.0,0.0,53.0,66.0,67.0,46.0,0.0,15.0,68.0,77.0,41.0
34,3.0,10.0,0.0,8.0,10.0,7.0,15.0,0.0,14.0,3.0,0.0,16.0,0.0,0.0,12.0,4.0,16.0,0.0,8.0,12.0,13.0,6.0,0.0,1.0,12.0,15.0,5.0
35,5.0,18.0,0.0,13.0,19.0,13.0,33.0,0.0,31.0,7.0,1.0,35.0,0.0,0.0,24.0,8.0,35.0,0.0,14.0,24.0,25.0,12.0,0.0,3.0,23.0,33.0,9.0
36,11.0,28.0,0.0,25.0,28.0,26.0,30.0,0.0,27.0,13.0,2.0,31.0,1.0,0.0,30.0,15.0,31.0,1.0,27.0,27.0,26.0,17.0,2.0,8.0,28.0,31.0,27.0
37,9.0,17.0,0.0,16.0,19.0,12.0,23.0,0.0,13.0,7.0,0.0,23.0,0.0,0.0,21.0,13.0,23.0,0.0,18.0,17.0,19.0,15.0,0.0,4.0,19.0,23.0,13.0
38,7.0,7.0,0.0,8.0,8.0,7.0,10.0,1.0,8.0,3.0,0.0,10.0,0.0,0.0,9.0,6.0,10.0,0.0,7.0,7.0,7.0,6.0,0.0,4.0,9.0,10.0,6.0
39,3.0,4.0,0.0,6.0,8.0,3.0,15.0,0.0,6.0,2.0,0.0,15.0,0.0,0.0,10.0,3.0,15.0,0.0,3.0,4.0,7.0,4.0,0.0,2.0,8.0,15.0,3.0
40,2.0,3.0,0.0,3.0,4.0,4.0,6.0,0.0,5.0,1.0,0.0,6.0,0.0,0.0,5.0,2.0,6.0,0.0,2.0,4.0,2.0,3.0,0.0,1.0,4.0,5.0,3.0
41,3.0,3.0,0.0,5.0,4.0,3.0,5.0,0.0,4.0,2.0,0.0,5.0,0.0,0.0,4.0,3.0,5.0,0.0,3.0,3.0,4.0,3.0,0.0,1.0,4.0,5.0,3.0
42,3.0,3.0,0.0,5.0,4.0,3.0,6.0,0.0,4.0,2.0,0.0,6.0,0.0,0.0,5.0,3.0,6.0,0.0,3.0,3.0,4.0,3.0,0.0,1.0,5.0,6.0,3.0
43,1.0,1.0,0.0,1.0,1.0,1.0,1.0,0.0,1.0,0.0,0.0,1.0,0.0,0.0,1.0,1.0,1.0,0.0,1.0,1.0,1.0,1.0,0.0,0.0,1.0,1.0,1.0
44,1.0,1.0,0.0,3.0,2.0,1.0,3.0,0.0,2.0,1.0,0.0,3.0,0.0,0.0,2.0,1.0,3.0,0.0,1.0,1.0,2.0,1.0,0.0,1.0,2.0,3.0,1.0
45,1.0,2.0,0.0,2.0,2.0,2.0,5.0,0.0,1.0,2.0,2.0,5.0,0.0,0.0,4.0,1.0,5.0,0.0,2.0,2.0,1.0,3.0,0.0,1.0,4.0,4.0,2.0
46,50.0,137.0,0.0,105.0,142.0,118.0,154.0,5.0,132.0,84.0,12.0,170.0,12.0,4.0,139.0,125.0,170.0,9.0,115.0,124.0,129.0,96.0,3.0,28.0,120.0,166.0,120.0
47,10.0,46.0,0.0,44.0,48.0,37.0,52.0,0.0,35.0,39.0,4.0,54.0,1.0,0.0,44.0,44.0,55.0,1.0,31.0,36.0,46.0,21.0,0.0,2.0,49.0,54.0,47.0
48,4.0,6.0,0.0,7.0,7.0,6.0,7.0,0.0,9.0,1.0,1.0,20.0,1.0,0.0,7.0,7.0,20.0,0.0,5.0,7.0,7.0,6.0,0.0,2.0,4.0,19.0,8.0
49,1.0,1.0,0.0,1.0,1.0,2.0,2.0,0.0,1.0,1.0,1.0,2.0,1.0,0.0,2.0,1.0,2.0,0.0,1.0,2.0,2.0,0.0,0.0,0.0,2.0,2.0,2.0
50,36.0,38.0,1.0,24.0,41.0,37.0,42.0,3.0,34.0,41.0,33.0,41.0,25.0,3.0,40.0,24.0,42.0,8.0,37.0,38.0,41.0,23.0,6.0,9.0,28.0,40.0,25.0
51,24.0,33.0,0.0,24.0,39.0,30.0,40.0,5.0,33.0,23.0,16.0,41.0,9.0,2.0,39.0,27.0,41.0,3.0,33.0,39.0,34.0,32.0,1.0,11.0,23.0,40.0,31.0
52,45.0,60.0,0.0,49.0,66.0,58.0,69.0,0.0,61.0,32.0,5.0,70.0,4.0,3.0,64.0,60.0,71.0,4.0,55.0,52.0,58.0,53.0,0.0,36.0,55.0,69.0,56.0
53,1.0,5.0,0.0,3.0,4.0,4.0,4.0,0.0,4.0,3.0,0.0,16.0,1.0,0.0,3.0,4.0,16.0,0.0,3.0,3.0,2.0,4.0,0.0,0.0,2.0,14.0,2.0
54,40.0,53.0,0.0,32.0,55.0,50.0,64.0,3.0,60.0,38.0,22.0,68.0,18.0,5.0,57.0,52.0,72.0,5.0,46.0,52.0,50.0,43.0,3.0,16.0,45.0,65.0,41.0
55,8.0,10.0,0.0,11.0,12.0,9.0,12.0,1.0,10.0,7.0,7.0,23.0,2.0,0.0,12.0,10.0,23.0,0.0,9.0,11.0,11.0,10.0,0.0,2.0,7.0,23.0,11.0
56,1.0,2.0,0.0,2.0,2.0,2.0,2.0,0.0,2.0,2.0,0.0,14.0,0.0,0.0,2.0,2.0,14.0,0.0,2.0,2.0,2.0,2.0,0.0,0.0,2.0,14.0,3.0
57,2.0,8.0,0.0,6.0,10.0,7.0,12.0,0.0,5.0,9.0,2.0,12.0,0.0,0.0,5.0,6.0,13.0,0.0,5.0,5.0,9.0,6.0,0.0,1.0,8.0,11.0,9.0
58,77.0,131.0,1.0,99.0,130.0,113.0,154.0,6.0,147.0,71.0,23.0,169.0,13.0,5.0,138.0,94.0,170.0,9.0,101.0,134.0,133.0,94.0,4.0,39.0,117.0,167.0,93.0
59,2.0,9.0,0.0,3.0,11.0,10.0,12.0,1.0,11.0,4.0,2.0,23.0,2.0,0.0,12.0,5.0,23.0,1.0,11.0,11.0,6.0,11.0,0.0,2.0,10.0,23.0,12.0
60,19.0,40.0,0.0,28.0,43.0,34.0,50.0,0.0,37.0,22.0,9.0,60.0,4.0,0.0,39.0,40.0,62.0,1.0,34.0,34.0,39.0,32.0,0.0,6.0,34.0,60.0,35.0
61,1.0,6.0,0.0,5.0,7.0,7.0,8.0,0.0,7.0,4.0,0.0,20.0,1.0,0.0,8.0,7.0,20.0,1.0,6.0,8.0,8.0,7.0,0.0,1.0,7.0,20.0,9.0
62,15.0,54.0,0.0,49.0,55.0,42.0,63.0,0.0,47.0,38.0,2.0,61.0,0.0,0.0,51.0,54.0,64.0,1.0,41.0,44.0,53.0,30.0,0.0,5.0,53.0,62.0,52.0
63,69.0,134.0,0.0,109.0,141.0,121.0,159.0,6.0,124.0,96.0,27.0,167.0,20.0,6.0,136.0,113.0,169.0,10.0,109.0,125.0,132.0,99.0,2.0,38.0,129.0,161.0,112.0
64,10.0,13.0,0.0,10.0,13.0,10.0,14.0,0.0,16.0,8.0,6.0,16.0,3.0,0.0,16.0,11.0,16.0,4.0,9.0,12.0,12.0,8.0,3.0,6.0,11.0,15.0,11.0
65,5.0,9.0,0.0,8.0,17.0,11.0,16.0,2.0,17.0,5.0,1.0,31.0,1.0,0.0,18.0,10.0,27.0,1.0,11.0,15.0,10.0,12.0,0.0,2.0,10.0,28.0,12.0
66,13.0,42.0,0.0,38.0,42.0,29.0,50.0,1.0,33.0,30.0,4.0,52.0,4.0,0.0,37.0,34.0,54.0,1.0,31.0,36.0,43.0,18.0,0.0,6.0,36.0,51.0,39.0
67,3.0,10.0,0.0,8.0,12.0,8.0,14.0,0.0,8.0,4.0,1.0,25.0,0.0,0.0,11.0,9.0,25.0,0.0,7.0,7.0,10.0,6.0,0.0,2.0,10.0,24.0,7.0
68,1.0,1.0,0.0,2.0,1.0,1.0,2.0,0.0,1.0,1.0,0.0,2.0,0.0,0.0,1.0,1.0,2.0,0.0,1.0,1.0,2.0,1.0,0.0,1.0,1.0,2.0,1.0
69,59.0,115.0,0.0,95.0,118.0,100.0,125.0,8.0,109.0,90.0,24.0,124.0,22.0,5.0,115.0,109.0,127.0,6.0,93.0,104.0,108.0,81.0,3.0,26.0,108.0,125.0,100.0
70,6.0,32.0,0.0,28.0,33.0,21.0,35.0,1.0,22.0,28.0,4.0,36.0,3.0,2.0,25.0,32.0,36.0,0.0,21.0,21.0,30.0,10.0,0.0,1.0,30.0,34.0,29.0
71,185.0,294.0,2.0,241.0,329.0,276.0,356.0,17.0,316.0,194.0,91.0,372.0,62.0,12.0,328.0,199.0,375.0,26.0,278.0,305.0,315.0,221.0,15.0,106.0,269.0,362.0,233.0
72,1.0,2.0,0.0,1.0,2.0,1.0,1.0,0.0,0.0,1.0,1.0,2.0,0.0,0.0,1.0,2.0,2.0,0.0,1.0,1.0,1.0,1.0,0.0,1.0,1.0,2.0,2.0
73,2.0,2.0,0.0,2.0,2.0,2.0,2.0,1.0,1.0,2.0,2.0,2.0,1.0,1.0,2.0,2.0,2.0,1.0,2.0,2.0,2.0,2.0,1.0,2.0,2.0,2.0,2.0
74,0.0,1.0,0.0,2.0,1.0,2.0,2.0,0.0,1.0,0.0,0.0,4.0,1.0,0.0,2.0,0.0,4.0,0.0,1.0,2.0,2.0,1.0,0.0,0.0,2.0,4.0,2.0
75,177.0,270.0,2.0,206.0,301.0,243.0,331.0,9.0,280.0,171.0,81.0,340.0,46.0,11.0,302.0,171.0,342.0,17.0,245.0,281.0,283.0,196.0,11.0,83.0,245.0,330.0,208.0
76,22.0,37.0,0.0,31.0,38.0,32.0,43.0,2.0,36.0,22.0,14.0,55.0,7.0,3.0,40.0,32.0,55.0,6.0,26.0,36.0,32.0,28.0,3.0,13.0,28.0,54.0,25.0
77,8.0,9.0,0.0,10.0,10.0,8.0,13.0,2.0,12.0,6.0,3.0,13.0,1.0,2.0,12.0,7.0,14.0,2.0,10.0,11.0,10.0,8.0,1.0,3.0,12.0,14.0,9.0
78,10.0,47.0,0.0,42.0,45.0,34.0,51.0,0.0,35.0,40.0,4.0,64.0,1.0,0.0,41.0,45.0,65.0,1.0,34.0,34.0,47.0,21.0,0.0,3.0,47.0,64.0,48.0
79,0.0,3.0,0.0,3.0,3.0,3.0,3.0,0.0,3.0,0.0,0.0,4.0,0.0,0.0,4.0,3.0,3.0,0.0,3.0,3.0,3.0,3.0,0.0,0.0,0.0,4.0,3.0
80,4.0,6.0,0.0,5.0,7.0,6.0,8.0,1.0,9.0,5.0,2.0,21.0,1.0,1.0,7.0,6.0,22.0,0.0,5.0,8.0,5.0,7.0,1.0,1.0,7.0,21.0,9.0
81,2.0,5.0,0.0,3.0,7.0,3.0,7.0,1.0,6.0,3.0,2.0,18.0,2.0,0.0,6.0,4.0,18.0,1.0,6.0,5.0,3.0,6.0,0.0,2.0,4.0,18.0,6.0
82,1.0,2.0,0.0,2.0,2.0,2.0,2.0,0.0,2.0,1.0,0.0,2.0,0.0,0.0,2.0,2.0,2.0,0.0,2.0,2.0,2.0,2.0,0.0,0.0,2.0,2.0,2.0
83,10.0,42.0,0.0,39.0,41.0,31.0,43.0,1.0,29.0,38.0,3.0,43.0,1.0,0.0,34.0,40.0,43.0,0.0,30.0,27.0,41.0,16.0,0.0,4.0,40.0,42.0,40.0
84,4.0,5.0,0.0,4.0,6.0,5.0,6.0,0.0,6.0,3.0,2.0,19.0,2.0,0.0,6.0,4.0,19.0,0.0,5.0,6.0,6.0,5.0,0.0,1.0,5.0,19.0,4.0
85,8.0,39.0,0.0,38.0,39.0,28.0,42.0,0.0,28.0,37.0,1.0,51.0,1.0,0.0,34.0,39.0,51.0,0.0,28.0,27.0,39.0,14.0,0.0,1.0,39.0,51.0,40.0
86,8.0,44.0,0.0,41.0,43.0,31.0,44.0,0.0,31.0,38.0,1.0,55.0,0.0,0.0,36.0,43.0,55.0,0.0,33.0,30.0,44.0,19.0,0.0,2.0,43.0,55.0,42.0
87,2.0,4.0,0.0,4.0,5.0,2.0,6.0,0.0,5.0,2.0,0.0,14.0,0.0,0.0,5.0,6.0,15.0,0.0,3.0,6.0,5.0,5.0,0.0,1.0,5.0,14.0,5.0
88,0.0,1.0,0.0,1.0,2.0,2.0,3.0,0.0,2.0,1.0,0.0,15.0,0.0,0.0,3.0,2.0,15.0,0.0,1.0,4.0,2.0,0.0,0.0,0.0,3.0,15.0,2.0
89,6.0,15.0,0.0,14.0,20.0,11.0,20.0,1.0,16.0,8.0,4.0,31.0,1.0,0.0,18.0,15.0,31.0,0.0,12.0,16.0,15.0,14.0,0.0,3.0,13.0,31.0,16.0
90,4.0,42.0,0.0,38.0,41.0,30.0,41.0,0.0,28.0,33.0,1.0,53.0,0.0,0.0,33.0,41.0,53.0,0.0,30.0,26.0,39.0,18.0,0.0,1.0,37.0,52.0,41.0
91,5.0,31.0,1.0,45.0,28.0,24.0,25.0,1.0,45.0,17.0,2.0,50.0,41.0,0.0,17.0,6.0,55.0,7.0,54.0,24.0,24.0,10.0,0.0,12.0,12.0,51.0,25.0
92,0.0,2.0,0.0,3.0,2.0,1.0,3.0,0.0,0.0,2.0,0.0,3.0,0.0,0.0,1.0,2.0,3.0,0.0,0.0,1.0,2.0,0.0,0.0,0.0,3.0,3.0,2.0
93,16.0,50.0,1.0,65.0,49.0,42.0,44.0,1.0,66.0,34.0,3.0,84.0,55.0,0.0,35.0,14.0,90.0,13.0,78.0,37.0,40.0,25.0,3.0,25.0,27.0,82.0,41.0
94,10.0,20.0,0.0,15.0,23.0,16.0,28.0,1.0,22.0,9.0,1.0,42.0,2.0,1.0,22.0,12.0,41.0,4.0,18.0,25.0,22.0,13.0,1.0,6.0,16.0,42.0,17.0
95,32.0,57.0,0.0,40.0,59.0,56.0,66.0,2.0,63.0,31.0,15.0,68.0,11.0,3.0,61.0,50.0,70.0,4.0,49.0,53.0,51.0,50.0,2.0,20.0,41.0,68.0,47.0
96,1.0,2.0,0.0,1.0,1.0,1.0,2.0,0.0,1.0,1.0,1.0,2.0,0.0,0.0,1.0,1.0,2.0,0.0,2.0,2.0,2.0,1.0,1.0,1.0,1.0,2.0,1.0
97,4.0,4.0,0.0,4.0,5.0,5.0,6.0,0.0,4.0,2.0,2.0,6.0,0.0,0.0,6.0,5.0,7.0,0.0,3.0,6.0,5.0,5.0,0.0,1.0,6.0,6.0,6.0
98,12.0,45.0,0.0,41.0,47.0,32.0,46.0,0.0,33.0,39.0,4.0,58.0,2.0,0.0,39.0,43.0,58.0,0.0,33.0,33.0,43.0,18.0,0.0,2.0,43.0,58.0,42.0
99,2.0,4.0,0.0,5.0,3.0,5.0,8.0,1.0,7.0,2.0,1.0,8.0,1.0,0.0,5.0,4.0,9.0,0.0,3.0,6.0,4.0,4.0,0.0,1.0,4.0,8.0,6.0
100,5.0,36.0,0.0,36.0,36.0,25.0,37.0,0.0,27.0,35.0,0.0,50.0,0.0,0.0,29.0,37.0,50.0,0.0,26.0,23.0,36.0,11.0,0.0,0.0,37.0,48.0,36.0
101,30.0,51.0,0.0,32.0,54.0,45.0,57.0,4.0,51.0,26.0,18.0,58.0,15.0,1.0,53.0,45.0,59.0,4.0,40.0,47.0,41.0,43.0,1.0,13.0,37.0,57.0,35.0
102,18.0,37.0,0.0,30.0,41.0,31.0,45.0,2.0,35.0,20.0,10.0,45.0,5.0,1.0,39.0,30.0,45.0,1.0,25.0,30.0,32.0,33.0,1.0,11.0,31.0,44.0,32.0
103,6.0,10.0,0.0,9.0,11.0,8.0,10.0,1.0,11.0,4.0,2.0,11.0,2.0,0.0,11.0,9.0,11.0,1.0,9.0,11.0,11.0,7.0,0.0,3.0,7.0,11.0,9.0
104,43.0,90.0,0.0,75.0,91.0,74.0,100.0,4.0,80.0,72.0,25.0,102.0,19.0,6.0,88.0,83.0,103.0,8.0,69.0,75.0,87.0,60.0,3.0,21.0,86.0,101.0,79.0
105,1.0,7.0,0.0,4.0,4.0,8.0,8.0,1.0,8.0,1.0,1.0,8.0,1.0,0.0,7.0,4.0,8.0,0.0,4.0,4.0,4.0,4.0,0.0,1.0,3.0,8.0,4.0
106,2.0,6.0,0.0,6.0,6.0,6.0,10.0,0.0,7.0,5.0,1.0,30.0,0.0,0.0,7.0,2.0,30.0,0.0,5.0,6.0,4.0,4.0,0.0,1.0,4.0,30.0,8.0
107,7.0,9.0,0.0,6.0,9.0,7.0,11.0,0.0,8.0,4.0,4.0,11.0,1.0,0.0,11.0,9.0,11.0,1.0,6.0,10.0,9.0,7.0,0.0,5.0,9.0,11.0,9.0
108,0.0,0.0,0.0,2.0,1.0,0.0,3.0,0.0,2.0,2.0,1.0,3.0,0.0,0.0,1.0,0.0,3.0,0.0,0.0,1.0,0.0,2.0,0.0,0.0,1.0,3.0,2.0
109,7.0,10.0,0.0,7.0,10.0,9.0,11.0,0.0,10.0,5.0,1.0,11.0,1.0,0.0,11.0,10.0,11.0,0.0,7.0,11.0,8.0,8.0,0.0,2.0,10.0,11.0,9.0
110,135.0,209.0,0.0,158.0,215.0,191.0,236.0,16.0,210.0,155.0,56.0,239.0,38.0,9.0,219.0,172.0,243.0,16.0,183.0,206.0,211.0,156.0,6.0,66.0,191.0,238.0,165.0
111,1.0,4.0,0.0,4.0,4.0,4.0,4.0,0.0,4.0,1.0,0.0,4.0,0.0,0.0,4.0,4.0,4.0,0.0,4.0,4.0,4.0,4.0,0.0,0.0,1.0,4.0,4.0
112,4.0,12.0,0.0,10.0,13.0,10.0,13.0,1.0,10.0,4.0,1.0,24.0,2.0,0.0,13.0,8.0,24.0,0.0,12.0,12.0,13.0,9.0,0.0,2.0,7.0,24.0,12.0
113,2.0,10.0,0.0,10.0,11.0,7.0,11.0,0.0,6.0,6.0,1.0,12.0,0.0,0.0,9.0,9.0,12.0,0.0,8.0,7.0,10.0,5.0,0.0,1.0,8.0,11.0,10.0
114,0.0,3.0,0.0,3.0,5.0,4.0,6.0,0.0,4.0,0.0,0.0,27.0,1.0,0.0,5.0,1.0,27.0,0.0,4.0,5.0,4.0,3.0,0.0,0.0,3.0,27.0,3.0
115,2.0,4.0,0.0,2.0,4.0,2.0,5.0,0.0,3.0,1.0,0.0,5.0,1.0,0.0,4.0,2.0,5.0,1.0,5.0,5.0,5.0,2.0,0.0,1.0,4.0,5.0,4.0
116,0.0,4.0,0.0,0.0,3.0,4.0,5.0,0.0,4.0,0.0,0.0,15.0,0.0,0.0,4.0,4.0,16.0,0.0,3.0,2.0,1.0,1.0,0.0,0.0,1.0,15.0,1.0
117,2.0,3.0,0.0,3.0,3.0,3.0,4.0,0.0,1.0,1.0,2.0,5.0,0.0,0.0,4.0,2.0,5.0,0.0,3.0,4.0,4.0,2.0,0.0,1.0,4.0,5.0,5.0
118,0.0,2.0,0.0,0.0,2.0,1.0,3.0,0.0,2.0,0.0,0.0,13.0,0.0,0.0,2.0,3.0,14.0,0.0,0.0,2.0,0.0,2.0,0.0,0.0,1.0,13.0,1.0
119,1.0,4.0,0.0,4.0,4.0,4.0,4.0,0.0,4.0,1.0,0.0,4.0,0.0,0.0,4.0,4.0,4.0,0.0,4.0,4.0,4.0,4.0,0.0,0.0,1.0,4.0,4.0
120,6.0,37.0,0.0,36.0,37.0,25.0,37.0,0.0,24.0,33.0,1.0,48.0,0.0,0.0,30.0,37.0,48.0,0.0,24.0,23.0,37.0,13.0,0.0,2.0,37.0,48.0,36.0
121,1.0,4.0,0.0,5.0,6.0,5.0,7.0,0.0,6.0,1.0,0.0,19.0,0.0,0.0,8.0,5.0,18.0,0.0,4.0,7.0,5.0,4.0,0.0,1.0,3.0,19.0,6.0
122,0.0,0.0,0.0,0.0,0.0,2.0,2.0,0.0,0.0,0.0,0.0,13.0,0.0,0.0,2.0,0.0,14.0,0.0,0.0,1.0,2.0,0.0,0.0,0.0,2.0,13.0,1.0
123,9.0,22.0,0.0,18.0,22.0,14.0,24.0,1.0,18.0,11.0,3.0,34.0,1.0,1.0,20.0,21.0,35.0,0.0,13.0,19.0,20.0,13.0,0.0,2.0,17.0,34.0,17.0
124,4.0,4.0,0.0,2.0,4.0,4.0,4.0,0.0,4.0,4.0,0.0,16.0,1.0,0.0,4.0,2.0,16.0,0.0,3.0,4.0,1.0,2.0,0.0,1.0,3.0,16.0,1.0
125,14.0,53.0,0.0,51.0,53.0,38.0,58.0,1.0,40.0,44.0,5.0,58.0,2.0,0.0,47.0,50.0,58.0,0.0,40.0,42.0,54.0,26.0,0.0,5.0,49.0,58.0,50.0
126,10.0,30.0,0.0,18.0,36.0,27.0,40.0,2.0,31.0,17.0,4.0,43.0,5.0,0.0,34.0,25.0,41.0,3.0,29.0,24.0,25.0,21.0,3.0,5.0,23.0,41.0,28.0
127,14.0,21.0,0.0,17.0,21.0,19.0,22.0,0.0,21.0,11.0,2.0,23.0,0.0,0.0,21.0,19.0,23.0,1.0,17.0,21.0,21.0,18.0,1.0,8.0,16.0,23.0,20.0
128,11.0,20.0,0.0,11.0,15.0,18.0,20.0,1.0,19.0,10.0,4.0,19.0,7.0,3.0,18.0,15.0,20.0,3.0,11.0,15.0,13.0,14.0,1.0,6.0,15.0,19.0,13.0
129,6.0,16.0,0.0,14.0,17.0,10.0,16.0,1.0,12.0,7.0,1.0,17.0,1.0,0.0,13.0,15.0,17.0,0.0,11.0,12.0,15.0,9.0,0.0,4.0,9.0,17.0,15.0
130,0.0,10.0,0.0,10.0,10.0,6.0,11.0,0.0,5.0,10.0,1.0,22.0,2.0,0.0,6.0,7.0,22.0,0.0,7.0,4.0,9.0,3.0,0.0,0.0,10.0,21.0,10.0
131,726.0,1102.0,3.0,967.0,1147.0,1083.0,1201.0,51.0,1101.0,744.0,146.0,1223.0,106.0,40.0,1166.0,922.0,1224.0,50.0,1044.0,1121.0,1108.0,978.0,22.0,513.0,1061.0,1209.0,1001.0
132,1.0,5.0,0.0,4.0,8.0,6.0,8.0,0.0,7.0,2.0,2.0,17.0,0.0,0.0,7.0,4.0,17.0,0.0,6.0,7.0,3.0,5.0,0.0,0.0,4.0,17.0,7.0
133,10.0,18.0,0.0,11.0,22.0,15.0,23.0,2.0,21.0,8.0,6.0,25.0,6.0,3.0,22.0,15.0,26.0,3.0,16.0,19.0,16.0,14.0,2.0,8.0,17.0,25.0,17.0
134,1.0,3.0,0.0,3.0,4.0,2.0,4.0,1.0,3.0,2.0,1.0,5.0,1.0,0.0,4.0,3.0,5.0,0.0,2.0,4.0,3.0,2.0,0.0,2.0,1.0,5.0,3.0
135,55.0,103.0,0.0,83.0,103.0,84.0,118.0,5.0,97.0,77.0,18.0,117.0,7.0,2.0,101.0,96.0,121.0,4.0,83.0,95.0,104.0,70.0,3.0,19.0,99.0,118.0,96.0
136,1.0,0.0,0.0,1.0,1.0,0.0,1.0,0.0,1.0,0.0,0.0,1.0,0.0,0.0,1.0,1.0,1.0,0.0,0.0,1.0,1.0,1.0,0.0,0.0,1.0,1.0,1.0
137,39.0,58.0,0.0,36.0,58.0,53.0,64.0,2.0,64.0,37.0,19.0,65.0,12.0,3.0,60.0,55.0,68.0,6.0,53.0,57.0,58.0,48.0,5.0,21.0,47.0,65.0,46.0
138,1.0,2.0,0.0,2.0,2.0,1.0,2.0,1.0,1.0,1.0,1.0,2.0,1.0,0.0,2.0,1.0,2.0,1.0,2.0,2.0,2.0,1.0,0.0,1.0,2.0,2.0,2.0
139,15.0,65.0,0.0,50.0,71.0,59.0,83.0,2.0,63.0,43.0,4.0,93.0,1.0,1.0,70.0,57.0,95.0,4.0,57.0,58.0,57.0,44.0,2.0,7.0,65.0,94.0,66.0
140,3.0,6.0,0.0,4.0,7.0,5.0,8.0,0.0,6.0,1.0,1.0,19.0,0.0,0.0,7.0,7.0,19.0,0.0,5.0,7.0,6.0,6.0,0.0,3.0,5.0,19.0,6.0
141,243.0,396.0,2.0,299.0,421.0,388.0,442.0,16.0,407.0,198.0,38.0,457.0,15.0,14.0,430.0,337.0,455.0,20.0,373.0,399.0,370.0,335.0,9.0,163.0,384.0,446.0,365.0
142,4.0,4.0,0.0,4.0,7.0,3.0,7.0,1.0,7.0,2.0,2.0,19.0,2.0,0.0,7.0,5.0,19.0,0.0,4.0,6.0,5.0,5.0,0.0,1.0,6.0,19.0,7.0
143,42.0,74.0,0.0,45.0,81.0,60.0,101.0,3.0,88.0,36.0,6.0,103.0,1.0,1.0,89.0,59.0,106.0,3.0,59.0,82.0,81.0,55.0,2.0,24.0,77.0,101.0,62.0
144,9.0,43.0,0.0,40.0,49.0,34.0,56.0,1.0,41.0,33.0,1.0,66.0,1.0,0.0,42.0,47.0,68.0,0.0,34.0,38.0,45.0,27.0,0.0,5.0,48.0,63.0,44.0
145,1738.0,2513.0,7.0,2252.0,2632.0,2516.0,2686.0,99.0,2520.0,1780.0,298.0,2732.0,212.0,83.0,2618.0,2103.0,2746.0,109.0,2434.0,2526.0,2513.0,2263.0,47.0,1253.0,2388.0,2722.0,2328.0
146,0.0,0.0,0.0,0.0,0.0,1.0,1.0,0.0,1.0,0.0,0.0,1.0,0.0,0.0,0.0,0.0,1.0,0.0,1.0,1.0,0.0,0.0,0.0,0.0,1.0,0.0,0.0
147,518.0,815.0,2.0,716.0,840.0,793.0,859.0,35.0,804.0,590.0,111.0,887.0,85.0,27.0,841.0,648.0,885.0,34.0,774.0,795.0,803.0,709.0,18.0,377.0,754.0,869.0,721.0
148,41.0,68.0,0.0,44.0,69.0,57.0,76.0,3.0,70.0,41.0,20.0,78.0,17.0,4.0,66.0,60.0,81.0,5.0,55.0,61.0,59.0,55.0,2.0,19.0,56.0,77.0,49.0
149,12.0,27.0,0.0,18.0,28.0,25.0,29.0,6.0,23.0,10.0,5.0,40.0,6.0,2.0,28.0,27.0,39.0,4.0,22.0,21.0,21.0,23.0,3.0,7.0,14.0,40.0,23.0
150,2.0,7.0,0.0,5.0,6.0,6.0,7.0,0.0,5.0,3.0,1.0,9.0,2.0,0.0,6.0,4.0,9.0,0.0,6.0,7.0,6.0,4.0,0.0,2.0,6.0,9.0,7.0
151,5.0,12.0,0.0,10.0,12.0,13.0,14.0,3.0,12.0,6.0,3.0,15.0,2.0,1.0,13.0,11.0,14.0,1.0,10.0,12.0,12.0,12.0,1.0,4.0,8.0,15.0,14.0
152,2.0,4.0,0.0,1.0,3.0,2.0,4.0,0.0,3.0,2.0,0.0,5.0,0.0,0.0,3.0,3.0,5.0,0.0,2.0,3.0,4.0,1.0,0.0,1.0,2.0,5.0,4.0
153,2.0,1.0,0.0,3.0,1.0,1.0,4.0,0.0,2.0,0.0,0.0,4.0,0.0,0.0,1.0,1.0,4.0,0.0,0.0,1.0,3.0,3.0,0.0,1.0,1.0,4.0,1.0
154,2.0,3.0,0.0,3.0,3.0,4.0,6.0,0.0,3.0,2.0,2.0,8.0,0.0,0.0,4.0,3.0,8.0,1.0,3.0,5.0,4.0,1.0,0.0,2.0,4.0,8.0,4.0
155,1.0,1.0,0.0,1.0,2.0,1.0,2.0,1.0,2.0,1.0,1.0,2.0,1.0,0.0,2.0,1.0,2.0,0.0,2.0,1.0,2.0,1.0,0.0,1.0,1.0,2.0,2.0
156,35.0,49.0,0.0,38.0,52.0,45.0,60.0,4.0,53.0,33.0,14.0,59.0,11.0,5.0,55.0,48.0,62.0,7.0,45.0,50.0,47.0,42.0,3.0,17.0,47.0,60.0,44.0
157,2.0,1.0,0.0,2.0,2.0,1.0,2.0,0.0,2.0,1.0,0.0,2.0,0.0,0.0,2.0,2.0,2.0,0.0,1.0,2.0,2.0,2.0,0.0,0.0,2.0,2.0,2.0
158,0.0,4.0,0.0,3.0,3.0,3.0,4.0,0.0,3.0,0.0,0.0,4.0,0.0,0.0,3.0,3.0,4.0,0.0,4.0,4.0,4.0,3.0,0.0,0.0,0.0,4.0,3.0
159,0.0,2.0,0.0,1.0,1.0,1.0,2.0,0.0,2.0,1.0,0.0,13.0,0.0,0.0,1.0,1.0,13.0,0.0,1.0,1.0,1.0,1.0,0.0,0.0,1.0,13.0,1.0
160,1.0,2.0,0.0,2.0,2.0,1.0,2.0,0.0,2.0,1.0,0.0,2.0,1.0,0.0,2.0,2.0,2.0,1.0,2.0,2.0,2.0,2.0,0.0,2.0,2.0,2.0,2.0
161,5.0,11.0,0.0,6.0,9.0,6.0,11.0,1.0,9.0,3.0,2.0,23.0,2.0,0.0,9.0,6.0,24.0,1.0,8.0,10.0,9.0,6.0,1.0,4.0,7.0,23.0,9.0
162,3.0,10.0,0.0,7.0,9.0,10.0,15.0,1.0,14.0,3.0,2.0,35.0,2.0,1.0,10.0,7.0,35.0,1.0,9.0,10.0,7.0,4.0,1.0,4.0,8.0,34.0,11.0
163,16.0,50.0,0.0,36.0,60.0,41.0,70.0,5.0,63.0,12.0,5.0,89.0,5.0,2.0,63.0,30.0,88.0,3.0,50.0,57.0,59.0,42.0,3.0,21.0,42.0,86.0,47.0
164,1.0,4.0,0.0,3.0,4.0,2.0,5.0,0.0,4.0,0.0,0.0,16.0,0.0,0.0,4.0,3.0,16.0,1.0,4.0,5.0,5.0,0.0,1.0,1.0,4.0,16.0,4.0
165,93.0,157.0,0.0,132.0,161.0,142.0,168.0,18.0,147.0,130.0,38.0,177.0,34.0,7.0,156.0,140.0,178.0,11.0,131.0,146.0,157.0,122.0,8.0,51.0,141.0,172.0,141.0
166,6.0,42.0,0.0,40.0,42.0,29.0,43.0,0.0,31.0,34.0,0.0,54.0,0.0,0.0,34.0,42.0,54.0,0.0,30.0,28.0,41.0,16.0,0.0,2.0,38.0,53.0,42.0
167,1.0,1.0,0.0,1.0,1.0,2.0,2.0,1.0,2.0,1.0,1.0,3.0,1.0,0.0,2.0,1.0,3.0,0.0,1.0,1.0,2.0,1.0,0.0,1.0,1.0,2.0,2.0
168,1.0,1.0,0.0,2.0,4.0,2.0,5.0,1.0,4.0,1.0,1.0,5.0,1.0,0.0,5.0,2.0,5.0,0.0,3.0,4.0,3.0,4.0,0.0,1.0,4.0,5.0,4.0
169,6.0,19.0,0.0,11.0,21.0,15.0,23.0,0.0,21.0,7.0,5.0,32.0,2.0,1.0,21.0,18.0,33.0,0.0,16.0,19.0,15.0,14.0,0.0,2.0,13.0,32.0,12.0
170,0.0,1.0,0.0,2.0,2.0,1.0,2.0,0.0,1.0,0.0,0.0,2.0,0.0,0.0,2.0,1.0,2.0,0.0,2.0,2.0,2.0,1.0,0.0,1.0,1.0,2.0,1.0
171,23.0,67.0,0.0,59.0,69.0,53.0,79.0,1.0,64.0,53.0,8.0,80.0,3.0,1.0,67.0,66.0,81.0,1.0,53.0,56.0,69.0,38.0,0.0,9.0,64.0,81.0,62.0
172,2.0,23.0,0.0,23.0,23.0,18.0,23.0,2.0,17.0,20.0,1.0,35.0,1.0,1.0,21.0,23.0,35.0,0.0,17.0,15.0,23.0,9.0,1.0,3.0,22.0,35.0,24.0
173,8.0,12.0,0.0,12.0,13.0,11.0,15.0,0.0,15.0,8.0,6.0,14.0,2.0,2.0,13.0,9.0,16.0,3.0,11.0,14.0,12.0,12.0,0.0,3.0,10.0,15.0,9.0
174,0.0,2.0,0.0,3.0,3.0,0.0,4.0,0.0,2.0,2.0,0.0,13.0,0.0,0.0,1.0,3.0,13.0,0.0,0.0,2.0,3.0,1.0,0.0,0.0,4.0,12.0,3.0
175,23.0,28.0,0.0,21.0,30.0,27.0,36.0,3.0,31.0,18.0,14.0,36.0,12.0,3.0,32.0,27.0,38.0,5.0,26.0,33.0,28.0,29.0,2.0,11.0,25.0,37.0,25.0
176,58.0,98.0,0.0,73.0,104.0,88.0,116.0,7.0,103.0,75.0,29.0,132.0,31.0,7.0,104.0,86.0,131.0,12.0,82.0,92.0,92.0,76.0,3.0,34.0,86.0,129.0,77.0
177,2.0,2.0,0.0,1.0,2.0,1.0,3.0,1.0,3.0,2.0,2.0,4.0,1.0,0.0,2.0,2.0,4.0,0.0,2.0,2.0,2.0,2.0,0.0,1.0,0.0,4.0,4.0
178,6.0,14.0,0.0,11.0,13.0,13.0,14.0,2.0,13.0,5.0,3.0,26.0,2.0,0.0,13.0,13.0,26.0,2.0,10.0,12.0,13.0,11.0,0.0,6.0,7.0,26.0,14.0
179,7.0,9.0,0.0,9.0,9.0,8.0,13.0,1.0,12.0,4.0,1.0,23.0,0.0,1.0,10.0,7.0,23.0,0.0,7.0,10.0,9.0,6.0,1.0,5.0,10.0,23.0,9.0
180,0.0,3.0,0.0,3.0,3.0,3.0,3.0,0.0,3.0,0.0,0.0,3.0,0.0,0.0,3.0,3.0,3.0,0.0,3.0,3.0,3.0,3.0,0.0,0.0,0.0,3.0,3.0
181,7.0,10.0,0.0,8.0,11.0,10.0,12.0,0.0,10.0,6.0,3.0,12.0,0.0,0.0,12.0,10.0,13.0,1.0,7.0,11.0,10.0,8.0,1.0,4.0,10.0,12.0,11.0
182,0.0,0.0,0.0,0.0,1.0,0.0,1.0,0.0,1.0,0.0,0.0,1.0,0.0,0.0,1.0,1.0,1.0,0.0,0.0,1.0,1.0,0.0,0.0,0.0,1.0,1.0,1.0
183,319.0,452.0,2.0,382.0,458.0,431.0,487.0,31.0,446.0,331.0,89.0,492.0,63.0,18.0,466.0,367.0,498.0,27.0,408.0,443.0,448.0,379.0,13.0,237.0,422.0,491.0,376.0
184,0.0,0.0,0.0,0.0,0.0,0.0,1.0,0.0,1.0,0.0,0.0,1.0,0.0,0.0,0.0,0.0,1.0,0.0,0.0,0.0,0.0,0.0,0.0,0.0,0.0,1.0,0.0
185,2.0,4.0,0.0,2.0,4.0,4.0,4.0,1.0,3.0,1.0,0.0,15.0,0.0,0.0,4.0,4.0,14.0,0.0,1.0,3.0,2.0,4.0,0.0,1.0,3.0,15.0,4.0
186,14.0,31.0,0.0,31.0,36.0,32.0,55.0,2.0,42.0,11.0,4.0,78.0,6.0,2.0,41.0,20.0,80.0,0.0,29.0,39.0,38.0,27.0,1.0,15.0,33.0,77.0,28.0
187,0.0,0.0,0.0,0.0,0.0,0.0,0.0,0.0,0.0,0.0,0.0,11.0,0.0,0.0,0.0,0.0,11.0,0.0,0.0,0.0,0.0,0.0,0.0,0.0,0.0,11.0,0.0
188,46.0,93.0,0.0,76.0,95.0,76.0,109.0,3.0,90.0,69.0,15.0,121.0,6.0,2.0,92.0,89.0,124.0,2.0,75.0,83.0,94.0,62.0,1.0,12.0,87.0,120.0,85.0
189,42.0,56.0,1.0,43.0,58.0,51.0,64.0,4.0,54.0,46.0,28.0,66.0,22.0,5.0,56.0,44.0,69.0,8.0,49.0,56.0,53.0,43.0,4.0,19.0,41.0,63.0,39.0
190,6.0,7.0,0.0,5.0,8.0,7.0,8.0,0.0,9.0,4.0,2.0,10.0,0.0,0.0,8.0,7.0,10.0,2.0,6.0,8.0,5.0,6.0,1.0,2.0,6.0,9.0,8.0
191,111.0,180.0,0.0,137.0,185.0,181.0,202.0,6.0,176.0,115.0,58.0,223.0,27.0,4.0,192.0,131.0,223.0,17.0,162.0,181.0,176.0,140.0,8.0,55.0,154.0,220.0,155.0
192,781.0,1126.0,4.0,962.0,1172.0,1118.0,1205.0,44.0,1142.0,821.0,178.0,1235.0,102.0,35.0,1161.0,937.0,1245.0,49.0,1070.0,1122.0,1123.0,998.0,26.0,488.0,1053.0,1231.0,1027.0
193,10.0,19.0,0.0,14.0,19.0,18.0,26.0,2.0,21.0,11.0,5.0,40.0,3.0,0.0,23.0,15.0,41.0,0.0,15.0,21.0,20.0,16.0,2.0,6.0,16.0,40.0,17.0
194,86.0,110.0,0.0,82.0,110.0,109.0,120.0,6.0,107.0,85.0,53.0,136.0,25.0,4.0,118.0,85.0,136.0,11.0,94.0,110.0,112.0,83.0,8.0,35.0,99.0,135.0,83.0
195,141.0,199.0,0.0,151.0,198.0,192.0,215.0,9.0,199.0,145.0,58.0,231.0,25.0,4.0,206.0,162.0,233.0,12.0,173.0,193.0,192.0,167.0,8.0,73.0,181.0,230.0,176.0
196,12.0,17.0,0.0,16.0,17.0,15.0,23.0,1.0,19.0,9.0,5.0,37.0,4.0,0.0,20.0,14.0,38.0,0.0,14.0,17.0,19.0,15.0,0.0,4.0,16.0,37.0,16.0
197,1177.0,1775.0,6.0,1515.0,1838.0,1768.0,1880.0,68.0,1795.0,1235.0,242.0,1914.0,138.0,54.0,1824.0,1446.0,1933.0,62.0,1718.0,1765.0,1751.0,1587.0,31.0,810.0,1669.0,1915.0,1623.0
198,496.0,712.0,4.0,611.0,732.0,712.0,766.0,29.0,703.0,531.0,136.0,782.0,64.0,16.0,729.0,575.0,793.0,26.0,664.0,704.0,712.0,615.0,13.0,300.0,651.0,785.0,635.0
199,2.0,4.0,0.0,3.0,5.0,4.0,5.0,0.0,6.0,2.0,1.0,6.0,0.0,0.0,5.0,5.0,6.0,0.0,3.0,5.0,4.0,5.0,0.0,0.0,3.0,6.0,5.0
200,9.0,15.0,0.0,13.0,15.0,13.0,24.0,0.0,14.0,8.0,3.0,25.0,1.0,0.0,18.0,9.0,25.0,0.0,12.0,17.0,20.0,10.0,0.0,6.0,17.0,25.0,12.0
201,55.0,83.0,0.0,65.0,84.0,79.0,97.0,6.0,83.0,47.0,31.0,112.0,19.0,4.0,90.0,63.0,112.0,6.0,63.0,81.0,81.0,71.0,5.0,29.0,75.0,112.0,64.0
202,2.0,2.0,0.0,2.0,2.0,1.0,2.0,0.0,2.0,0.0,0.0,2.0,0.0,0.0,2.0,2.0,2.0,0.0,1.0,1.0,2.0,2.0,0.0,1.0,1.0,2.0,2.0
203,54.0,107.0,1.0,73.0,110.0,99.0,121.0,3.0,110.0,55.0,17.0,138.0,12.0,1.0,114.0,79.0,138.0,0.0,86.0,104.0,96.0,85.0,2.0,26.0,92.0,136.0,82.0
204,269.0,361.0,3.0,303.0,374.0,366.0,392.0,14.0,358.0,269.0,85.0,409.0,54.0,10.0,373.0,291.0,410.0,17.0,332.0,362.0,354.0,315.0,10.0,149.0,337.0,406.0,322.0
205,319.0,439.0,1.0,379.0,452.0,450.0,476.0,22.0,445.0,337.0,83.0,490.0,55.0,11.0,457.0,367.0,494.0,20.0,408.0,446.0,444.0,393.0,11.0,179.0,419.0,491.0,405.0
206,137.0,208.0,0.0,174.0,211.0,204.0,230.0,11.0,214.0,142.0,51.0,249.0,33.0,5.0,221.0,169.0,248.0,13.0,176.0,206.0,209.0,177.0,9.0,87.0,193.0,246.0,175.0
207,92.0,168.0,0.0,134.0,165.0,163.0,184.0,7.0,166.0,108.0,31.0,199.0,25.0,5.0,174.0,136.0,201.0,5.0,144.0,168.0,168.0,147.0,5.0,62.0,158.0,200.0,146.0
208,110.0,175.0,0.0,137.0,181.0,173.0,197.0,9.0,179.0,110.0,32.0,214.0,27.0,4.0,187.0,148.0,213.0,2.0,144.0,177.0,174.0,144.0,5.0,60.0,160.0,212.0,148.0
209,1.0,1.0,0.0,1.0,2.0,2.0,2.0,0.0,2.0,2.0,0.0,2.0,0.0,0.0,1.0,1.0,2.0,0.0,2.0,2.0,2.0,2.0,0.0,0.0,1.0,2.0,2.0
210,140.0,197.0,0.0,171.0,194.0,196.0,220.0,16.0,198.0,140.0,41.0,233.0,35.0,3.0,209.0,159.0,236.0,12.0,168.0,200.0,198.0,167.0,7.0,71.0,184.0,235.0,165.0
211,138.0,244.0,0.0,204.0,247.0,234.0,280.0,10.0,252.0,154.0,33.0,293.0,21.0,8.0,261.0,193.0,297.0,5.0,213.0,240.0,245.0,211.0,6.0,100.0,226.0,295.0,208.0
212,14.0,19.0,0.0,18.0,19.0,15.0,21.0,4.0,20.0,10.0,9.0,33.0,5.0,2.0,20.0,16.0,34.0,2.0,14.0,18.0,20.0,15.0,4.0,6.0,16.0,33.0,16.0
213,198.0,264.0,0.0,210.0,271.0,248.0,284.0,11.0,253.0,233.0,88.0,296.0,54.0,9.0,276.0,216.0,301.0,18.0,233.0,253.0,263.0,194.0,13.0,82.0,232.0,294.0,215.0
214,0.0,3.0,0.0,2.0,2.0,2.0,3.0,0.0,4.0,0.0,0.0,5.0,0.0,0.0,2.0,2.0,5.0,0.0,2.0,2.0,2.0,2.0,0.0,2.0,2.0,5.0,4.0
215,115.0,200.0,1.0,158.0,201.0,198.0,220.0,10.0,204.0,139.0,37.0,229.0,23.0,7.0,205.0,156.0,227.0,11.0,181.0,201.0,196.0,164.0,8.0,58.0,181.0,227.0,170.0
216,23.0,40.0,0.0,31.0,43.0,38.0,51.0,2.0,46.0,20.0,10.0,65.0,4.0,1.0,45.0,29.0,66.0,0.0,34.0,44.0,37.0,37.0,2.0,11.0,40.0,65.0,39.0
217,56.0,141.0,1.0,106.0,138.0,133.0,158.0,4.0,141.0,76.0,22.0,173.0,9.0,5.0,149.0,106.0,173.0,5.0,121.0,142.0,132.0,117.0,5.0,31.0,128.0,173.0,133.0
218,12.0,18.0,0.0,18.0,20.0,16.0,26.0,1.0,22.0,12.0,6.0,27.0,2.0,1.0,22.0,16.0,28.0,0.0,14.0,21.0,22.0,15.0,1.0,8.0,20.0,27.0,18.0
219,14.0,19.0,0.0,17.0,21.0,17.0,25.0,1.0,23.0,10.0,3.0,27.0,0.0,0.0,22.0,18.0,28.0,0.0,12.0,22.0,21.0,15.0,1.0,5.0,19.0,27.0,18.0
220,42.0,54.0,1.0,43.0,60.0,54.0,60.0,4.0,58.0,53.0,37.0,60.0,33.0,6.0,60.0,39.0,61.0,7.0,54.0,56.0,57.0,45.0,9.0,25.0,45.0,58.0,46.0
221,35.0,62.0,0.0,47.0,62.0,56.0,71.0,2.0,68.0,39.0,8.0,76.0,8.0,1.0,66.0,53.0,77.0,0.0,46.0,63.0,60.0,49.0,2.0,18.0,55.0,72.0,52.0
222,14.0,20.0,0.0,18.0,21.0,19.0,27.0,2.0,22.0,9.0,4.0,28.0,2.0,0.0,23.0,17.0,29.0,0.0,15.0,22.0,24.0,16.0,2.0,6.0,20.0,28.0,19.0
223,13.0,23.0,0.0,21.0,24.0,19.0,29.0,2.0,25.0,13.0,6.0,30.0,2.0,1.0,25.0,19.0,31.0,0.0,15.0,23.0,22.0,18.0,2.0,9.0,20.0,30.0,17.0
224,17.0,35.0,0.0,30.0,37.0,29.0,42.0,2.0,38.0,17.0,7.0,54.0,3.0,0.0,36.0,30.0,55.0,0.0,28.0,36.0,31.0,29.0,2.0,8.0,28.0,54.0,30.0
225,11.0,23.0,0.0,20.0,24.0,20.0,33.0,2.0,28.0,10.0,4.0,34.0,1.0,1.0,29.0,19.0,35.0,0.0,17.0,25.0,23.0,20.0,2.0,10.0,22.0,34.0,19.0
226,0.0,3.0,0.0,0.0,2.0,2.0,3.0,0.0,3.0,0.0,0.0,3.0,0.0,0.0,2.0,1.0,3.0,0.0,0.0,2.0,0.0,2.0,0.0,0.0,1.0,3.0,2.0
227,13.0,24.0,0.0,18.0,26.0,23.0,33.0,2.0,28.0,12.0,5.0,36.0,3.0,0.0,27.0,20.0,36.0,2.0,17.0,28.0,24.0,20.0,1.0,9.0,21.0,34.0,20.0
228,30.0,59.0,0.0,44.0,62.0,56.0,68.0,4.0,61.0,29.0,12.0,86.0,10.0,1.0,65.0,48.0,86.0,4.0,47.0,59.0,52.0,45.0,4.0,20.0,48.0,85.0,49.0
229,46.0,85.0,0.0,93.0,89.0,82.0,95.0,3.0,110.0,63.0,21.0,125.0,63.0,1.0,83.0,47.0,132.0,19.0,106.0,72.0,78.0,57.0,7.0,33.0,61.0,120.0,76.0
230,4.0,3.0,0.0,2.0,5.0,4.0,6.0,0.0,4.0,4.0,0.0,6.0,1.0,0.0,3.0,3.0,6.0,0.0,3.0,4.0,4.0,4.0,0.0,1.0,2.0,6.0,3.0
231,28.0,60.0,0.0,73.0,60.0,53.0,62.0,1.0,75.0,46.0,10.0,97.0,58.0,0.0,52.0,28.0,100.0,14.0,80.0,48.0,53.0,36.0,3.0,25.0,40.0,94.0,54.0
232,8.0,15.0,0.0,10.0,16.0,13.0,20.0,1.0,17.0,9.0,4.0,34.0,2.0,0.0,16.0,13.0,34.0,0.0,10.0,16.0,11.0,15.0,0.0,3.0,9.0,34.0,13.0
233,8.0,12.0,0.0,12.0,9.0,9.0,12.0,3.0,12.0,8.0,7.0,15.0,8.0,3.0,10.0,7.0,15.0,2.0,13.0,10.0,9.0,7.0,3.0,5.0,9.0,15.0,8.0
234,27.0,70.0,0.0,80.0,70.0,65.0,74.0,5.0,79.0,42.0,14.0,112.0,56.0,1.0,62.0,35.0,116.0,13.0,86.0,57.0,61.0,45.0,4.0,31.0,44.0,109.0,64.0
235,4.0,3.0,0.0,4.0,3.0,3.0,7.0,1.0,5.0,3.0,2.0,7.0,1.0,0.0,2.0,1.0,7.0,0.0,2.0,3.0,5.0,4.0,0.0,1.0,2.0,7.0,2.0
236,16.0,38.0,0.0,21.0,39.0,35.0,47.0,2.0,42.0,13.0,5.0,64.0,4.0,1.0,44.0,27.0,64.0,1.0,29.0,38.0,30.0,35.0,1.0,6.0,32.0,62.0,31.0
237,4.0,17.0,0.0,23.0,13.0,15.0,18.0,0.0,26.0,10.0,1.0,27.0,21.0,0.0,7.0,4.0,28.0,2.0,27.0,13.0,14.0,7.0,0.0,4.0,8.0,27.0,10.0
238,7.0,9.0,0.0,9.0,11.0,9.0,15.0,1.0,12.0,6.0,3.0,28.0,2.0,1.0,13.0,10.0,29.0,1.0,8.0,12.0,12.0,9.0,1.0,3.0,9.0,28.0,9.0
239,518.0,761.0,3.0,654.0,770.0,763.0,810.0,30.0,775.0,518.0,118.0,833.0,68.0,20.0,787.0,622.0,837.0,31.0,718.0,755.0,746.0,696.0,17.0,332.0,711.0,831.0,694.0
240,1.0,3.0,0.0,3.0,4.0,3.0,4.0,0.0,3.0,3.0,1.0,4.0,2.0,0.0,3.0,0.0,4.0,0.0,3.0,3.0,3.0,0.0,0.0,0.0,3.0,4.0,2.0
241,8.0,13.0,0.0,13.0,14.0,11.0,21.0,1.0,18.0,8.0,3.0,34.0,1.0,0.0,18.0,12.0,35.0,0.0,10.0,15.0,14.0,9.0,1.0,5.0,10.0,34.0,12.0
242,10.0,29.0,1.0,37.0,23.0,23.0,28.0,2.0,37.0,22.0,7.0,40.0,35.0,1.0,18.0,8.0,41.0,8.0,37.0,20.0,24.0,13.0,4.0,10.0,17.0,40.0,21.0
243,13.0,31.0,0.0,19.0,32.0,30.0,42.0,0.0,35.0,11.0,3.0,57.0,1.0,0.0,37.0,23.0,58.0,0.0,25.0,32.0,24.0,31.0,0.0,6.0,27.0,57.0,28.0
244,3.0,3.0,0.0,3.0,4.0,4.0,6.0,1.0,6.0,2.0,1.0,6.0,1.0,1.0,4.0,4.0,6.0,1.0,3.0,5.0,6.0,4.0,1.0,1.0,3.0,6.0,4.0
245,28.0,47.0,0.0,51.0,44.0,36.0,53.0,7.0,53.0,25.0,8.0,77.0,23.0,2.0,41.0,33.0,79.0,3.0,53.0,37.0,40.0,32.0,3.0,20.0,32.0,75.0,37.0
246,13.0,21.0,0.0,15.0,25.0,22.0,31.0,1.0,26.0,10.0,5.0,45.0,2.0,0.0,24.0,17.0,46.0,0.0,17.0,23.0,20.0,22.0,0.0,5.0,19.0,45.0,19.0
247,21.0,37.0,0.0,26.0,39.0,33.0,46.0,2.0,39.0,16.0,7.0,62.0,6.0,1.0,42.0,29.0,62.0,1.0,23.0,35.0,30.0,31.0,1.0,7.0,28.0,61.0,25.0
248,3.0,3.0,0.0,2.0,4.0,4.0,4.0,1.0,4.0,4.0,1.0,4.0,0.0,1.0,3.0,3.0,4.0,0.0,3.0,3.0,4.0,4.0,1.0,2.0,2.0,4.0,4.0
249,15.0,28.0,0.0,21.0,28.0,26.0,33.0,1.0,29.0,14.0,4.0,36.0,4.0,0.0,30.0,20.0,36.0,1.0,21.0,26.0,23.0,23.0,0.0,7.0,22.0,36.0,24.0
250,1.0,2.0,0.0,3.0,2.0,2.0,7.0,1.0,6.0,2.0,0.0,7.0,0.0,1.0,5.0,1.0,7.0,0.0,2.0,2.0,2.0,2.0,1.0,2.0,2.0,7.0,2.0
251,12.0,26.0,0.0,22.0,28.0,25.0,39.0,3.0,34.0,12.0,5.0,56.0,4.0,0.0,33.0,22.0,56.0,0.0,20.0,31.0,31.0,22.0,2.0,11.0,25.0,54.0,24.0
252,32.0,48.0,0.0,38.0,50.0,43.0,60.0,3.0,50.0,24.0,18.0,74.0,11.0,0.0,54.0,41.0,74.0,3.0,38.0,46.0,50.0,40.0,5.0,18.0,46.0,74.0,40.0
253,38.0,69.0,0.0,52.0,70.0,64.0,85.0,3.0,74.0,33.0,8.0,89.0,7.0,0.0,77.0,54.0,89.0,0.0,55.0,72.0,73.0,56.0,2.0,21.0,65.0,88.0,58.0
254,3.0,3.0,0.0,3.0,3.0,2.0,3.0,2.0,3.0,2.0,2.0,3.0,1.0,0.0,3.0,3.0,3.0,2.0,2.0,2.0,3.0,3.0,1.0,2.0,2.0,3.0,3.0
255,18.0,38.0,0.0,29.0,42.0,40.0,50.0,4.0,47.0,15.0,8.0,69.0,5.0,1.0,45.0,29.0,67.0,1.0,31.0,39.0,35.0,31.0,2.0,13.0,34.0,63.0,33.0
256,1.0,1.0,0.0,1.0,1.0,1.0,2.0,0.0,1.0,1.0,1.0,3.0,0.0,0.0,1.0,0.0,3.0,0.0,1.0,1.0,2.0,0.0,0.0,0.0,1.0,3.0,1.0
257,99.0,179.0,0.0,137.0,178.0,168.0,198.0,4.0,184.0,108.0,28.0,206.0,19.0,4.0,188.0,140.0,205.0,5.0,150.0,172.0,175.0,142.0,7.0,67.0,163.0,202.0,152.0
258,14.0,29.0,0.0,22.0,28.0,25.0,38.0,3.0,28.0,11.0,6.0,52.0,5.0,0.0,33.0,21.0,52.0,0.0,21.0,29.0,30.0,22.0,2.0,6.0,27.0,52.0,22.0
259,20.0,48.0,0.0,36.0,50.0,43.0,66.0,2.0,53.0,21.0,9.0,80.0,4.0,0.0,58.0,33.0,80.0,1.0,41.0,51.0,48.0,37.0,2.0,13.0,41.0,80.0,41.0
260,47.0,73.0,0.0,52.0,73.0,69.0,85.0,3.0,74.0,44.0,18.0,103.0,16.0,0.0,77.0,56.0,103.0,0.0,61.0,74.0,66.0,59.0,2.0,15.0,64.0,100.0,59.0
261,15.0,28.0,0.0,24.0,29.0,24.0,38.0,2.0,30.0,13.0,6.0,51.0,2.0,0.0,32.0,22.0,52.0,0.0,20.0,28.0,29.0,19.0,1.0,10.0,28.0,51.0,22.0
262,272.0,355.0,2.0,300.0,359.0,352.0,384.0,21.0,369.0,260.0,74.0,403.0,51.0,15.0,369.0,312.0,408.0,21.0,317.0,354.0,356.0,311.0,11.0,154.0,336.0,401.0,309.0
263,38.0,54.0,0.0,39.0,56.0,52.0,67.0,3.0,62.0,35.0,19.0,86.0,17.0,2.0,61.0,43.0,87.0,2.0,40.0,56.0,55.0,48.0,2.0,11.0,47.0,81.0,42.0
264,3.0,2.0,0.0,2.0,3.0,3.0,3.0,1.0,3.0,3.0,2.0,3.0,0.0,0.0,2.0,1.0,3.0,1.0,3.0,3.0,3.0,1.0,1.0,1.0,1.0,3.0,2.0
265,62.0,92.0,0.0,74.0,93.0,88.0,106.0,4.0,98.0,63.0,22.0,122.0,20.0,1.0,99.0,73.0,123.0,2.0,74.0,95.0,92.0,78.0,3.0,26.0,81.0,120.0,70.0
266,0.0,1.0,0.0,1.0,1.0,1.0,1.0,0.0,1.0,1.0,0.0,1.0,0.0,0.0,1.0,1.0,1.0,0.0,1.0,1.0,1.0,1.0,0.0,0.0,0.0,1.0,1.0
267,53.0,79.0,0.0,59.0,83.0,77.0,95.0,6.0,85.0,50.0,28.0,112.0,15.0,2.0,87.0,63.0,113.0,2.0,64.0,83.0,77.0,66.0,2.0,23.0,72.0,108.0,58.0
268,1.0,0.0,0.0,0.0,1.0,1.0,1.0,0.0,1.0,1.0,0.0,1.0,0.0,0.0,0.0,0.0,1.0,0.0,1.0,1.0,1.0,1.0,0.0,0.0,0.0,1.0,1.0
269,66.0,99.0,0.0,77.0,98.0,94.0,112.0,6.0,102.0,64.0,29.0,130.0,20.0,3.0,104.0,77.0,130.0,5.0,78.0,97.0,98.0,79.0,3.0,32.0,87.0,125.0,75.0
270,124.0,164.0,1.0,135.0,172.0,165.0,183.0,9.0,168.0,131.0,60.0,203.0,39.0,6.0,175.0,129.0,204.0,8.0,145.0,163.0,162.0,136.0,9.0,65.0,144.0,199.0,141.0
271,40.0,92.0,0.0,70.0,109.0,74.0,133.0,4.0,103.0,37.0,11.0,137.0,6.0,4.0,114.0,62.0,137.0,1.0,69.0,107.0,110.0,65.0,2.0,27.0,103.0,133.0,70.0
272,5.0,7.0,0.0,6.0,8.0,7.0,8.0,0.0,7.0,5.0,1.0,7.0,1.0,0.0,8.0,8.0,8.0,0.0,6.0,7.0,6.0,7.0,0.0,1.0,6.0,8.0,6.0
273,151.0,196.0,0.0,164.0,204.0,196.0,218.0,9.0,195.0,154.0,56.0,232.0,39.0,7.0,204.0,161.0,234.0,11.0,170.0,194.0,191.0,169.0,5.0,89.0,177.0,231.0,171.0
274,58.0,101.0,1.0,102.0,99.0,95.0,114.0,9.0,111.0,55.0,17.0,143.0,37.0,2.0,99.0,70.0,148.0,2.0,99.0,98.0,94.0,76.0,3.0,23.0,83.0,142.0,81.0
275,2.0,4.0,0.0,4.0,4.0,4.0,5.0,0.0,4.0,1.0,1.0,6.0,0.0,0.0,5.0,1.0,6.0,0.0,1.0,4.0,4.0,2.0,0.0,3.0,4.0,6.0,3.0
276,23.0,32.0,0.0,24.0,36.0,32.0,42.0,1.0,34.0,18.0,11.0,65.0,6.0,1.0,39.0,27.0,65.0,0.0,24.0,34.0,33.0,29.0,0.0,7.0,31.0,65.0,28.0
277,3.0,5.0,0.0,4.0,4.0,2.0,5.0,0.0,4.0,1.0,0.0,4.0,0.0,0.0,4.0,4.0,5.0,0.0,3.0,4.0,4.0,4.0,0.0,1.0,3.0,4.0,3.0
278,229.0,330.0,1.0,267.0,339.0,328.0,357.0,14.0,344.0,235.0,67.0,375.0,45.0,11.0,344.0,283.0,380.0,18.0,290.0,329.0,319.0,280.0,10.0,140.0,303.0,374.0,276.0
279,266.0,349.0,1.0,291.0,359.0,342.0,379.0,23.0,355.0,251.0,82.0,399.0,53.0,9.0,363.0,302.0,404.0,21.0,312.0,353.0,347.0,308.0,12.0,171.0,325.0,392.0,299.0
280,360.0,485.0,0.0,411.0,505.0,491.0,521.0,29.0,496.0,354.0,94.0,545.0,59.0,12.0,505.0,411.0,545.0,28.0,452.0,486.0,477.0,436.0,15.0,236.0,458.0,540.0,435.0
281,228.0,316.0,1.0,273.0,328.0,319.0,343.0,19.0,331.0,238.0,79.0,354.0,44.0,9.0,328.0,278.0,359.0,21.0,299.0,322.0,318.0,285.0,9.0,142.0,301.0,351.0,279.0
282,121.0,181.0,2.0,160.0,184.0,177.0,198.0,10.0,199.0,108.0,26.0,230.0,43.0,4.0,179.0,150.0,236.0,7.0,173.0,175.0,167.0,150.0,2.0,65.0,161.0,229.0,162.0
283,7.0,8.0,0.0,8.0,9.0,10.0,14.0,3.0,13.0,6.0,5.0,14.0,1.0,2.0,12.0,8.0,14.0,1.0,9.0,11.0,10.0,7.0,2.0,7.0,7.0,14.0,9.0
284,86.0,113.0,0.0,81.0,118.0,112.0,129.0,5.0,121.0,76.0,29.0,146.0,18.0,3.0,120.0,97.0,146.0,7.0,97.0,115.0,112.0,101.0,3.0,32.0,105.0,143.0,95.0
285,5.0,7.0,1.0,7.0,8.0,7.0,8.0,2.0,8.0,4.0,4.0,8.0,1.0,0.0,7.0,7.0,8.0,0.0,7.0,8.0,8.0,7.0,2.0,6.0,6.0,8.0,7.0
286,100.0,140.0,0.0,115.0,140.0,140.0,152.0,8.0,146.0,95.0,40.0,171.0,32.0,2.0,143.0,116.0,173.0,8.0,131.0,136.0,134.0,116.0,6.0,50.0,119.0,172.0,122.0
287,28.0,43.0,0.0,32.0,44.0,40.0,54.0,4.0,49.0,27.0,16.0,72.0,11.0,1.0,48.0,35.0,73.0,1.0,33.0,44.0,45.0,38.0,3.0,11.0,37.0,67.0,32.0
288,45.0,68.0,0.0,57.0,71.0,66.0,83.0,3.0,73.0,40.0,14.0,99.0,9.0,0.0,77.0,58.0,99.0,2.0,54.0,70.0,70.0,58.0,3.0,23.0,60.0,98.0,62.0
289,5.0,7.0,0.0,5.0,8.0,7.0,8.0,1.0,7.0,3.0,1.0,8.0,1.0,1.0,7.0,6.0,8.0,2.0,5.0,6.0,6.0,5.0,1.0,4.0,6.0,8.0,5.0
290,999.0,1523.0,5.0,1245.0,1590.0,1506.0,1631.0,60.0,1546.0,972.0,199.0,1655.0,119.0,45.0,1572.0,1282.0,1670.0,67.0,1464.0,1537.0,1484.0,1387.0,27.0,668.0,1439.0,1656.0,1398.0
291,116.0,149.0,0.0,119.0,152.0,147.0,165.0,9.0,142.0,111.0,48.0,178.0,31.0,5.0,156.0,122.0,179.0,9.0,129.0,149.0,146.0,124.0,6.0,61.0,135.0,177.0,121.0
292,158.0,241.0,0.0,196.0,247.0,238.0,271.0,15.0,252.0,176.0,63.0,292.0,38.0,7.0,254.0,184.0,291.0,17.0,216.0,247.0,248.0,199.0,9.0,95.0,226.0,290.0,205.0
293,9.0,9.0,0.0,7.0,13.0,9.0,16.0,1.0,14.0,5.0,3.0,17.0,1.0,0.0,12.0,10.0,17.0,0.0,9.0,13.0,12.0,6.0,1.0,1.0,9.0,17.0,9.0
294,5.0,5.0,0.0,7.0,6.0,4.0,8.0,0.0,6.0,5.0,2.0,8.0,0.0,0.0,7.0,4.0,8.0,1.0,4.0,6.0,7.0,5.0,0.0,2.0,7.0,8.0,4.0
295,11.0,18.0,0.0,15.0,17.0,16.0,26.0,3.0,19.0,9.0,5.0,41.0,3.0,0.0,22.0,16.0,41.0,0.0,13.0,19.0,23.0,14.0,2.0,4.0,16.0,40.0,16.0
296,112.0,183.0,0.0,153.0,182.0,168.0,204.0,7.0,181.0,114.0,21.0,220.0,19.0,4.0,189.0,142.0,221.0,9.0,155.0,188.0,186.0,154.0,5.0,69.0,172.0,218.0,148.0
297,109.0,185.0,1.0,155.0,188.0,174.0,204.0,8.0,183.0,114.0,30.0,222.0,21.0,4.0,195.0,152.0,223.0,7.0,164.0,190.0,188.0,147.0,5.0,69.0,174.0,219.0,157.0
298,32.0,60.0,0.0,44.0,60.0,53.0,74.0,3.0,58.0,33.0,10.0,90.0,10.0,0.0,66.0,45.0,90.0,0.0,49.0,63.0,65.0,46.0,2.0,18.0,55.0,88.0,50.0
299,29.0,59.0,0.0,57.0,59.0,54.0,69.0,3.0,75.0,32.0,14.0,101.0,40.0,0.0,55.0,34.0,106.0,0.0,65.0,54.0,52.0,39.0,2.0,9.0,36.0,99.0,42.0
300,5.0,8.0,0.0,7.0,8.0,8.0,9.0,0.0,8.0,3.0,0.0,9.0,0.0,0.0,8.0,7.0,9.0,0.0,8.0,8.0,9.0,7.0,0.0,6.0,8.0,9.0,6.0
301,145.0,234.0,1.0,194.0,241.0,235.0,264.0,8.0,248.0,174.0,43.0,283.0,26.0,8.0,247.0,203.0,282.0,5.0,210.0,240.0,245.0,204.0,6.0,94.0,224.0,279.0,209.0
302,1355.0,2096.0,6.0,1785.0,2167.0,2067.0,2224.0,78.0,2098.0,1365.0,251.0,2267.0,167.0,67.0,2148.0,1713.0,2287.0,83.0,2021.0,2076.0,2037.0,1850.0,33.0,930.0,1966.0,2259.0,1918.0
303,35.0,70.0,0.0,54.0,70.0,66.0,87.0,3.0,74.0,38.0,10.0,102.0,10.0,0.0,76.0,50.0,102.0,0.0,55.0,73.0,73.0,59.0,2.0,19.0,65.0,101.0,56.0
304,24.0,42.0,0.0,28.0,43.0,38.0,51.0,3.0,42.0,19.0,12.0,66.0,6.0,0.0,44.0,33.0,66.0,0.0,33.0,42.0,43.0,31.0,2.0,15.0,33.0,65.0,32.0
305,115.0,192.0,0.0,158.0,192.0,175.0,214.0,4.0,194.0,128.0,27.0,233.0,25.0,1.0,200.0,151.0,233.0,6.0,166.0,195.0,195.0,160.0,4.0,71.0,177.0,228.0,153.0
306,1229.0,1822.0,3.0,1587.0,1888.0,1808.0,1909.0,72.0,1820.0,1330.0,238.0,1940.0,169.0,56.0,1866.0,1546.0,1949.0,63.0,1819.0,1810.0,1784.0,1657.0,31.0,819.0,1711.0,1928.0,1707.0
307,305.0,496.0,0.0,458.0,532.0,496.0,553.0,24.0,493.0,337.0,52.0,558.0,49.0,13.0,522.0,442.0,555.0,20.0,481.0,502.0,508.0,463.0,9.0,230.0,499.0,556.0,480.0
308,229.0,326.0,1.0,256.0,348.0,331.0,353.0,13.0,324.0,265.0,114.0,362.0,51.0,16.0,346.0,262.0,361.0,21.0,315.0,315.0,312.0,263.0,14.0,82.0,289.0,352.0,275.0
309,131.0,171.0,2.0,152.0,178.0,173.0,187.0,9.0,177.0,100.0,45.0,191.0,12.0,9.0,185.0,156.0,191.0,13.0,156.0,186.0,180.0,154.0,6.0,100.0,184.0,190.0,150.0
310,21.0,49.0,0.0,44.0,45.0,44.0,49.0,2.0,57.0,37.0,15.0,67.0,46.0,2.0,37.0,25.0,67.0,7.0,62.0,39.0,41.0,26.0,2.0,15.0,28.0,64.0,35.0
311,5.0,5.0,0.0,4.0,9.0,8.0,6.0,0.0,9.0,5.0,3.0,9.0,2.0,0.0,9.0,5.0,7.0,1.0,8.0,4.0,5.0,4.0,2.0,3.0,4.0,7.0,4.0
312,15.0,17.0,0.0,15.0,18.0,18.0,24.0,1.0,20.0,9.0,6.0,24.0,2.0,1.0,21.0,10.0,24.0,4.0,12.0,22.0,19.0,13.0,1.0,4.0,20.0,24.0,13.0
313,13.0,12.0,0.0,6.0,13.0,12.0,13.0,0.0,13.0,13.0,11.0,13.0,9.0,0.0,13.0,13.0,14.0,1.0,12.0,12.0,13.0,11.0,2.0,3.0,9.0,14.0,8.0
314,11.0,11.0,0.0,8.0,10.0,10.0,13.0,1.0,12.0,6.0,5.0,13.0,1.0,1.0,11.0,9.0,13.0,2.0,9.0,12.0,11.0,9.0,1.0,4.0,11.0,13.0,8.0
315,107.0,125.0,1.0,89.0,134.0,124.0,135.0,4.0,122.0,119.0,73.0,137.0,47.0,5.0,133.0,84.0,139.0,17.0,120.0,121.0,126.0,87.0,9.0,33.0,110.0,134.0,95.0
316,211.0,312.0,0.0,281.0,321.0,313.0,327.0,16.0,318.0,240.0,58.0,340.0,39.0,15.0,315.0,260.0,336.0,15.0,311.0,303.0,301.0,287.0,6.0,161.0,291.0,338.0,289.0
317,89.0,127.0,1.0,101.0,142.0,121.0,152.0,2.0,141.0,67.0,27.0,152.0,16.0,4.0,142.0,115.0,153.0,5.0,121.0,142.0,141.0,117.0,7.0,45.0,130.0,153.0,102.0
318,89.0,114.0,0.0,85.0,121.0,108.0,132.0,2.0,123.0,49.0,16.0,135.0,13.0,5.0,120.0,111.0,134.0,2.0,108.0,121.0,115.0,107.0,2.0,51.0,112.0,131.0,101.0
319,96.0,179.0,0.0,172.0,192.0,181.0,194.0,7.0,170.0,138.0,22.0,199.0,22.0,4.0,192.0,149.0,195.0,9.0,174.0,177.0,183.0,170.0,4.0,76.0,180.0,196.0,163.0
320,0.0,0.0,0.0,0.0,0.0,0.0,0.0,0.0,0.0,0.0,0.0,0.0,0.0,0.0,0.0,0.0,0.0,0.0,0.0,0.0,0.0,0.0,0.0,0.0,0.0,0.0,0.0
321,2.0,2.0,0.0,2.0,2.0,2.0,2.0,0.0,2.0,1.0,0.0,2.0,0.0,0.0,2.0,2.0,2.0,0.0,2.0,2.0,2.0,2.0,0.0,0.0,2.0,2.0,2.0
322,303.0,386.0,0.0,343.0,399.0,382.0,406.0,25.0,382.0,276.0,51.0,404.0,30.0,22.0,392.0,376.0,404.0,20.0,376.0,395.0,386.0,373.0,7.0,227.0,375.0,405.0,348.0
323,184.0,230.0,1.0,212.0,236.0,225.0,248.0,15.0,225.0,147.0,42.0,247.0,24.0,11.0,239.0,222.0,249.0,16.0,218.0,233.0,239.0,218.0,6.0,137.0,227.0,247.0,203.0
324,90.0,150.0,0.0,122.0,153.0,139.0,166.0,4.0,147.0,95.0,19.0,167.0,6.0,10.0,156.0,130.0,167.0,8.0,125.0,155.0,159.0,131.0,2.0,69.0,149.0,166.0,124.0
325,402.0,526.0,0.0,461.0,548.0,521.0,560.0,26.0,513.0,349.0,58.0,559.0,42.0,22.0,533.0,495.0,570.0,26.0,498.0,526.0,527.0,495.0,4.0,297.0,499.0,558.0,486.0
326,1070.0,1406.0,2.0,1240.0,1460.0,1412.0,1509.0,68.0,1436.0,985.0,184.0,1517.0,134.0,57.0,1456.0,1273.0,1529.0,69.0,1357.0,1430.0,1421.0,1316.0,28.0,759.0,1354.0,1514.0,1335.0
327,24.0,35.0,0.0,28.0,35.0,32.0,38.0,1.0,35.0,21.0,1.0,38.0,0.0,2.0,35.0,30.0,38.0,0.0,30.0,36.0,37.0,30.0,1.0,10.0,34.0,38.0,30.0
328,1602.0,2389.0,9.0,2137.0,2500.0,2419.0,2579.0,107.0,2412.0,1657.0,272.0,2621.0,218.0,78.0,2489.0,2003.0,2640.0,112.0,2326.0,2431.0,2395.0,2196.0,48.0,1182.0,2289.0,2626.0,2245.0
329,1432.0,2091.0,8.0,1871.0,2177.0,2085.0,2242.0,99.0,2085.0,1458.0,237.0,2275.0,193.0,62.0,2141.0,1812.0,2295.0,97.0,2014.0,2093.0,2107.0,1902.0,38.0,1038.0,1976.0,2276.0,1932.0
330,1693.0,2495.0,8.0,2218.0,2606.0,2498.0,2702.0,102.0,2499.0,1698.0,282.0,2742.0,212.0,74.0,2567.0,2139.0,2766.0,111.0,2379.0,2504.0,2518.0,2259.0,37.0,1192.0,2342.0,2742.0,2308.0
331,382.0,562.0,4.0,516.0,569.0,561.0,590.0,37.0,560.0,421.0,85.0,613.0,90.0,18.0,561.0,492.0,624.0,36.0,566.0,560.0,553.0,507.0,13.0,291.0,527.0,612.0,518.0
332,539.0,760.0,5.0,694.0,781.0,755.0,800.0,49.0,756.0,572.0,113.0,812.0,70.0,27.0,767.0,703.0,814.0,41.0,736.0,758.0,752.0,686.0,18.0,397.0,723.0,807.0,707.0
333,0.0,1.0,0.0,1.0,1.0,1.0,1.0,0.0,1.0,0.0,0.0,1.0,0.0,0.0,1.0,0.0,1.0,0.0,1.0,1.0,1.0,0.0,0.0,1.0,1.0,1.0,0.0
334,2.0,2.0,0.0,2.0,2.0,2.0,2.0,0.0,2.0,1.0,0.0,2.0,0.0,0.0,2.0,2.0,2.0,0.0,2.0,2.0,2.0,2.0,0.0,0.0,2.0,2.0,2.0
335,1.0,1.0,0.0,1.0,1.0,1.0,1.0,0.0,1.0,1.0,0.0,1.0,0.0,0.0,1.0,1.0,1.0,0.0,1.0,1.0,1.0,1.0,0.0,0.0,1.0,1.0,1.0
336,2.0,3.0,0.0,3.0,3.0,3.0,3.0,0.0,3.0,0.0,0.0,4.0,0.0,0.0,3.0,2.0,4.0,0.0,3.0,3.0,3.0,2.0,0.0,2.0,3.0,4.0,2.0
337,4.0,6.0,0.0,6.0,8.0,6.0,8.0,0.0,6.0,0.0,0.0,8.0,0.0,0.0,6.0,5.0,8.0,0.0,6.0,6.0,6.0,5.0,0.0,2.0,6.0,8.0,4.0
338,6.0,15.0,0.0,12.0,17.0,14.0,17.0,0.0,14.0,7.0,1.0,17.0,4.0,0.0,15.0,9.0,17.0,0.0,14.0,15.0,14.0,13.0,0.0,7.0,15.0,17.0,12.0
339,1837.0,2854.0,9.0,2446.0,2954.0,2819.0,3075.0,107.0,2876.0,1868.0,326.0,3134.0,229.0,77.0,2933.0,2309.0,3157.0,109.0,2760.0,2832.0,2803.0,2550.0,46.0,1315.0,2647.0,3109.0,2631.0
340,46.0,54.0,0.0,57.0,58.0,55.0,67.0,0.0,58.0,21.0,0.0,65.0,0.0,0.0,59.0,56.0,66.0,2.0,47.0,51.0,61.0,53.0,0.0,29.0,47.0,66.0,53.0
341,1535.0,2308.0,5.0,2004.0,2394.0,2313.0,2498.0,103.0,2344.0,1476.0,256.0,2542.0,168.0,74.0,2378.0,1925.0,2554.0,103.0,2235.0,2329.0,2269.0,2087.0,39.0,1112.0,2188.0,2518.0,2155.0
342,2339.0,3693.0,9.0,3066.0,3914.0,3648.0,4117.0,144.0,3756.0,2175.0,378.0,4202.0,261.0,112.0,3894.0,3034.0,4194.0,146.0,3511.0,3753.0,3634.0,3297.0,59.0,1655.0,3461.0,4138.0,3450.0
343,2014.0,3168.0,7.0,2675.0,3352.0,3111.0,3544.0,125.0,3201.0,1878.0,317.0,3627.0,223.0,98.0,3331.0,2593.0,3612.0,121.0,2987.0,3179.0,3134.0,2802.0,44.0,1411.0,2958.0,3554.0,2934.0
344,2242.0,3315.0,6.0,2880.0,3520.0,3288.0,3647.0,134.0,3384.0,2103.0,338.0,3699.0,236.0,99.0,3490.0,2807.0,3724.0,137.0,3175.0,3359.0,3321.0,2998.0,52.0,1565.0,3171.0,3693.0,3091.0
345,71.0,165.0,0.0,105.0,165.0,144.0,186.0,3.0,176.0,58.0,13.0,189.0,7.0,6.0,175.0,105.0,190.0,8.0,134.0,168.0,159.0,116.0,5.0,30.0,164.0,187.0,119.0
346,287.0,355.0,0.0,348.0,368.0,345.0,392.0,11.0,372.0,201.0,31.0,396.0,14.0,9.0,379.0,343.0,399.0,17.0,336.0,357.0,371.0,346.0,3.0,211.0,351.0,392.0,332.0
347,2337.0,3517.0,9.0,3007.0,3710.0,3471.0,3888.0,139.0,3554.0,2160.0,369.0,3921.0,261.0,109.0,3681.0,2961.0,3943.0,142.0,3358.0,3552.0,3534.0,3170.0,58.0,1648.0,3344.0,3886.0,3278.0
348,6.0,8.0,0.0,9.0,9.0,7.0,9.0,0.0,9.0,4.0,2.0,9.0,0.0,0.0,9.0,8.0,9.0,0.0,7.0,9.0,8.0,9.0,0.0,1.0,9.0,9.0,6.0
349,2106.0,3305.0,9.0,2750.0,3491.0,3290.0,3687.0,138.0,3363.0,1973.0,337.0,3766.0,235.0,106.0,3477.0,2734.0,3758.0,130.0,3123.0,3342.0,3253.0,2970.0,49.0,1521.0,3059.0,3706.0,3087.0
350,2344.0,3622.0,9.0,3062.0,3835.0,3598.0,4050.0,145.0,3698.0,2174.0,372.0,4105.0,261.0,113.0,3813.0,2998.0,4127.0,147.0,3441.0,3694.0,3606.0,3259.0,58.0,1657.0,3424.0,4069.0,3398.0
351,2343.0,3703.0,9.0,3079.0,3920.0,3656.0,4132.0,145.0,3760.0,2179.0,374.0,4215.0,261.0,113.0,3901.0,3043.0,4208.0,145.0,3511.0,3754.0,3645.0,3311.0,56.0,1659.0,3467.0,4152.0,3455.0
352,2231.0,3288.0,9.0,2852.0,3448.0,3247.0,3609.0,132.0,3289.0,2089.0,355.0,3632.0,248.0,96.0,3410.0,2777.0,3655.0,133.0,3120.0,3280.0,3302.0,2951.0,55.0,1566.0,3101.0,3599.0,3043.0
353,696.0,1067.0,4.0,916.0,1115.0,1065.0,1179.0,54.0,1103.0,723.0,158.0,1219.0,130.0,41.0,1124.0,848.0,1225.0,56.0,975.0,1091.0,1048.0,945.0,23.0,534.0,1031.0,1213.0,989.0
354,279.0,576.0,1.0,467.0,625.0,560.0,720.0,18.0,587.0,283.0,26.0,762.0,24.0,12.0,648.0,417.0,749.0,15.0,491.0,605.0,596.0,492.0,4.0,209.0,554.0,733.0,497.0
355,282.0,360.0,2.0,306.0,372.0,365.0,389.0,25.0,372.0,229.0,52.0,396.0,35.0,9.0,372.0,329.0,398.0,26.0,339.0,373.0,358.0,336.0,9.0,183.0,350.0,390.0,335.0
356,1329.0,2008.0,6.0,1732.0,2116.0,2009.0,2175.0,56.0,2022.0,1328.0,220.0,2194.0,154.0,55.0,2081.0,1676.0,2195.0,75.0,1978.0,2024.0,1973.0,1849.0,33.0,902.0,1903.0,2175.0,1908.0
357,3.0,3.0,0.0,3.0,3.0,3.0,3.0,0.0,3.0,2.0,0.0,3.0,0.0,0.0,3.0,3.0,3.0,0.0,3.0,3.0,3.0,3.0,0.0,2.0,3.0,3.0,3.0
358,14.0,19.0,0.0,12.0,18.0,18.0,20.0,0.0,20.0,9.0,5.0,20.0,1.0,2.0,20.0,17.0,20.0,1.0,16.0,19.0,16.0,18.0,0.0,5.0,18.0,20.0,19.0
359,999.0,1359.0,4.0,1225.0,1445.0,1360.0,1488.0,60.0,1420.0,889.0,120.0,1510.0,107.0,34.0,1427.0,1205.0,1526.0,59.0,1352.0,1383.0,1346.0,1300.0,15.0,735.0,1327.0,1514.0,1336.0
360,381.0,632.0,3.0,508.0,664.0,627.0,693.0,20.0,652.0,330.0,61.0,697.0,34.0,19.0,667.0,492.0,700.0,26.0,612.0,665.0,611.0,565.0,10.0,345.0,626.0,701.0,613.0
361,3.0,5.0,0.0,5.0,5.0,5.0,6.0,0.0,5.0,1.0,0.0,6.0,0.0,0.0,6.0,4.0,6.0,0.0,4.0,4.0,4.0,4.0,0.0,2.0,5.0,6.0,5.0
362,2013.0,3119.0,6.0,2619.0,3252.0,3030.0,3418.0,114.0,3099.0,1894.0,317.0,3452.0,208.0,99.0,3212.0,2579.0,3444.0,127.0,2954.0,3100.0,3088.0,2808.0,51.0,1414.0,2882.0,3401.0,2859.0
363,1360.0,1996.0,5.0,1835.0,2116.0,2023.0,2165.0,98.0,2058.0,1360.0,202.0,2190.0,178.0,65.0,2089.0,1728.0,2212.0,89.0,1979.0,2034.0,1989.0,1885.0,36.0,1038.0,1937.0,2196.0,1924.0
364,1573.0,2328.0,9.0,1973.0,2429.0,2318.0,2505.0,80.0,2377.0,1497.0,240.0,2545.0,179.0,59.0,2386.0,1921.0,2562.0,88.0,2275.0,2342.0,2264.0,2152.0,38.0,1120.0,2166.0,2538.0,2216.0
365,43.0,95.0,0.0,57.0,94.0,86.0,113.0,1.0,112.0,36.0,7.0,116.0,1.0,5.0,101.0,57.0,116.0,2.0,79.0,97.0,89.0,71.0,1.0,18.0,93.0,114.0,77.0
366,1.0,3.0,0.0,3.0,2.0,3.0,3.0,0.0,3.0,0.0,0.0,3.0,0.0,0.0,3.0,3.0,3.0,0.0,2.0,2.0,3.0,3.0,0.0,3.0,2.0,3.0,3.0
367,485.0,694.0,3.0,550.0,726.0,686.0,756.0,25.0,725.0,419.0,76.0,758.0,32.0,26.0,733.0,591.0,760.0,27.0,674.0,725.0,686.0,632.0,14.0,331.0,705.0,757.0,643.0
368,1206.0,1634.0,3.0,1427.0,1709.0,1622.0,1748.0,78.0,1649.0,1064.0,167.0,1744.0,103.0,74.0,1688.0,1420.0,1757.0,78.0,1588.0,1685.0,1631.0,1539.0,26.0,908.0,1596.0,1752.0,1533.0
369,252.0,314.0,2.0,277.0,326.0,314.0,334.0,28.0,317.0,236.0,62.0,332.0,35.0,17.0,323.0,276.0,336.0,20.0,303.0,315.0,303.0,292.0,11.0,183.0,303.0,335.0,289.0
370,348.0,438.0,1.0,417.0,468.0,423.0,484.0,9.0,433.0,246.0,22.0,482.0,12.0,9.0,458.0,376.0,480.0,10.0,419.0,451.0,446.0,414.0,0.0,256.0,437.0,482.0,437.0
371,1.0,1.0,0.0,1.0,2.0,0.0,3.0,0.0,1.0,1.0,1.0,3.0,0.0,0.0,3.0,1.0,3.0,0.0,1.0,1.0,1.0,1.0,0.0,0.0,2.0,3.0,1.0
372,531.0,757.0,4.0,644.0,788.0,745.0,811.0,32.0,761.0,528.0,148.0,816.0,85.0,23.0,776.0,653.0,821.0,55.0,721.0,755.0,737.0,652.0,19.0,367.0,702.0,813.0,696.0
373,150.0,241.0,1.0,183.0,244.0,239.0,249.0,13.0,235.0,148.0,40.0,248.0,37.0,9.0,247.0,214.0,251.0,19.0,228.0,240.0,223.0,211.0,9.0,120.0,227.0,251.0,230.0
374,231.0,330.0,3.0,291.0,346.0,338.0,356.0,24.0,332.0,214.0,57.0,353.0,32.0,11.0,349.0,284.0,357.0,24.0,311.0,342.0,332.0,306.0,10.0,199.0,324.0,359.0,321.0
375,355.0,469.0,2.0,375.0,511.0,468.0,523.0,29.0,498.0,348.0,65.0,523.0,39.0,20.0,513.0,446.0,529.0,33.0,469.0,497.0,471.0,447.0,14.0,211.0,459.0,526.0,473.0
376,34.0,83.0,0.0,42.0,81.0,75.0,98.0,0.0,98.0,24.0,3.0,100.0,0.0,0.0,85.0,57.0,100.0,1.0,68.0,82.0,80.0,63.0,0.0,7.0,78.0,98.0,61.0
377,18.0,21.0,0.0,21.0,24.0,23.0,28.0,2.0,29.0,19.0,9.0,29.0,6.0,3.0,26.0,21.0,29.0,0.0,23.0,27.0,25.0,24.0,0.0,19.0,26.0,30.0,24.0
378,5.0,18.0,0.0,11.0,17.0,22.0,23.0,0.0,23.0,5.0,0.0,23.0,0.0,0.0,20.0,9.0,23.0,0.0,15.0,22.0,14.0,16.0,0.0,5.0,19.0,22.0,18.0
379,8.0,8.0,0.0,7.0,8.0,8.0,8.0,1.0,8.0,8.0,1.0,8.0,0.0,0.0,8.0,8.0,8.0,0.0,8.0,8.0,8.0,8.0,0.0,6.0,8.0,8.0,8.0
380,45.0,51.0,0.0,40.0,53.0,52.0,55.0,3.0,54.0,37.0,7.0,55.0,6.0,0.0,52.0,51.0,55.0,1.0,54.0,54.0,50.0,52.0,0.0,18.0,47.0,55.0,54.0
381,11.0,14.0,0.0,10.0,13.0,14.0,17.0,1.0,14.0,11.0,2.0,27.0,1.0,0.0,12.0,13.0,27.0,0.0,13.0,14.0,13.0,11.0,0.0,6.0,12.0,27.0,14.0
382,1117.0,1564.0,7.0,1437.0,1674.0,1550.0,1737.0,73.0,1593.0,1023.0,173.0,1752.0,146.0,44.0,1636.0,1393.0,1772.0,66.0,1502.0,1580.0,1592.0,1430.0,24.0,826.0,1484.0,1761.0,1515.0
383,5.0,4.0,0.0,6.0,5.0,5.0,8.0,0.0,5.0,2.0,0.0,8.0,0.0,0.0,5.0,5.0,8.0,0.0,4.0,5.0,8.0,5.0,0.0,1.0,6.0,8.0,5.0
384,34.0,45.0,0.0,41.0,50.0,49.0,64.0,6.0,44.0,38.0,7.0,74.0,8.0,1.0,52.0,43.0,73.0,4.0,47.0,50.0,53.0,43.0,3.0,25.0,49.0,63.0,45.0
385,94.0,180.0,1.0,114.0,182.0,170.0,207.0,4.0,202.0,84.0,21.0,211.0,9.0,6.0,193.0,125.0,210.0,9.0,154.0,185.0,174.0,148.0,8.0,38.0,177.0,208.0,150.0
386,6.0,6.0,0.0,7.0,8.0,7.0,9.0,0.0,9.0,1.0,2.0,9.0,0.0,1.0,8.0,6.0,9.0,0.0,6.0,9.0,8.0,8.0,0.0,2.0,8.0,9.0,9.0
387,1776.0,2615.0,8.0,2310.0,2762.0,2606.0,2839.0,96.0,2641.0,1632.0,280.0,2853.0,198.0,89.0,2740.0,2251.0,2867.0,113.0,2544.0,2655.0,2639.0,2373.0,45.0,1317.0,2542.0,2856.0,2480.0
388,1515.0,2283.0,7.0,1925.0,2417.0,2285.0,2495.0,109.0,2349.0,1414.0,225.0,2502.0,129.0,78.0,2421.0,1966.0,2512.0,87.0,2212.0,2348.0,2265.0,2114.0,37.0,1153.0,2245.0,2505.0,2150.0
389,777.0,1107.0,2.0,1000.0,1182.0,1133.0,1201.0,49.0,1149.0,731.0,110.0,1208.0,90.0,38.0,1168.0,952.0,1215.0,47.0,1125.0,1145.0,1117.0,1056.0,20.0,619.0,1093.0,1211.0,1093.0
390,447.0,571.0,4.0,467.0,602.0,561.0,612.0,34.0,585.0,434.0,83.0,618.0,53.0,24.0,577.0,536.0,627.0,30.0,579.0,581.0,557.0,559.0,12.0,317.0,524.0,626.0,545.0
391,1904.0,2730.0,6.0,2464.0,2882.0,2706.0,3016.0,113.0,2781.0,1726.0,251.0,3051.0,180.0,86.0,2860.0,2355.0,3076.0,108.0,2592.0,2786.0,2789.0,2520.0,38.0,1436.0,2665.0,3042.0,2558.0
392,1418.0,2128.0,4.0,1749.0,2202.0,2051.0,2329.0,82.0,2070.0,1299.0,235.0,2351.0,120.0,75.0,2189.0,1748.0,2332.0,81.0,1974.0,2069.0,2065.0,1883.0,32.0,987.0,1931.0,2293.0,1909.0
393,948.0,1309.0,3.0,1117.0,1365.0,1276.0,1416.0,64.0,1316.0,811.0,136.0,1422.0,76.0,66.0,1373.0,1148.0,1434.0,61.0,1254.0,1334.0,1306.0,1221.0,23.0,684.0,1294.0,1420.0,1184.0
394,484.0,720.0,0.0,647.0,752.0,707.0,801.0,24.0,763.0,411.0,57.0,809.0,36.0,26.0,774.0,585.0,813.0,31.0,670.0,748.0,735.0,654.0,13.0,382.0,737.0,803.0,641.0
395,857.0,1228.0,2.0,1137.0,1258.0,1220.0,1333.0,44.0,1190.0,808.0,126.0,1340.0,74.0,32.0,1277.0,1023.0,1347.0,44.0,1124.0,1207.0,1249.0,1094.0,14.0,604.0,1155.0,1331.0,1117.0
396,99.0,124.0,2.0,100.0,131.0,124.0,136.0,5.0,126.0,38.0,21.0,139.0,10.0,3.0,126.0,121.0,140.0,13.0,113.0,130.0,125.0,114.0,2.0,70.0,116.0,135.0,121.0
397,323.0,438.0,2.0,412.0,443.0,447.0,461.0,41.0,439.0,355.0,59.0,468.0,59.0,17.0,456.0,399.0,467.0,27.0,418.0,447.0,438.0,426.0,13.0,276.0,434.0,462.0,425.0
398,1615.0,2334.0,8.0,2105.0,2418.0,2296.0,2541.0,93.0,2342.0,1511.0,247.0,2559.0,183.0,74.0,2413.0,1990.0,2581.0,94.0,2202.0,2335.0,2348.0,2147.0,37.0,1232.0,2273.0,2551.0,2164.0
399,900.0,1182.0,2.0,1090.0,1232.0,1193.0,1270.0,60.0,1194.0,819.0,136.0,1269.0,93.0,37.0,1247.0,1059.0,1276.0,51.0,1131.0,1205.0,1203.0,1139.0,20.0,684.0,1177.0,1273.0,1143.0
400,856.0,1305.0,4.0,1109.0,1359.0,1275.0,1388.0,51.0,1300.0,941.0,206.0,1409.0,118.0,39.0,1333.0,1075.0,1419.0,62.0,1264.0,1293.0,1282.0,1152.0,29.0,529.0,1195.0,1407.0,1170.0
401,92.0,129.0,0.0,99.0,133.0,128.0,145.0,3.0,128.0,81.0,11.0,149.0,5.0,3.0,128.0,113.0,147.0,3.0,125.0,128.0,124.0,110.0,3.0,61.0,111.0,147.0,129.0
402,1121.0,1632.0,5.0,1459.0,1665.0,1630.0,1713.0,65.0,1655.0,1200.0,192.0,1743.0,170.0,46.0,1658.0,1378.0,1762.0,77.0,1605.0,1615.0,1597.0,1502.0,33.0,797.0,1555.0,1749.0,1536.0
403,2079.0,2882.0,9.0,2584.0,3009.0,2857.0,3107.0,119.0,2893.0,1954.0,343.0,3132.0,248.0,93.0,2966.0,2523.0,3154.0,129.0,2792.0,2870.0,2897.0,2673.0,49.0,1447.0,2737.0,3137.0,2685.0
404,183.0,239.0,2.0,196.0,247.0,240.0,252.0,18.0,238.0,181.0,40.0,250.0,48.0,9.0,247.0,214.0,253.0,20.0,229.0,243.0,222.0,230.0,13.0,123.0,223.0,253.0,225.0
405,1124.0,1662.0,7.0,1442.0,1769.0,1663.0,1873.0,83.0,1721.0,1054.0,174.0,1878.0,128.0,61.0,1768.0,1434.0,1887.0,80.0,1573.0,1726.0,1701.0,1594.0,32.0,888.0,1650.0,1880.0,1619.0
406,1660.0,2361.0,5.0,2149.0,2454.0,2315.0,2568.0,92.0,2375.0,1597.0,240.0,2583.0,183.0,79.0,2462.0,2004.0,2600.0,91.0,2258.0,2388.0,2402.0,2176.0,38.0,1256.0,2338.0,2587.0,2209.0
407,2195.0,3272.0,9.0,2773.0,3422.0,3235.0,3592.0,131.0,3305.0,2072.0,355.0,3654.0,255.0,105.0,3397.0,2760.0,3664.0,137.0,3113.0,3275.0,3243.0,2948.0,52.0,1526.0,3058.0,3620.0,3042.0
408,4.0,6.0,0.0,5.0,6.0,5.0,8.0,1.0,8.0,2.0,1.0,8.0,0.0,1.0,6.0,4.0,8.0,0.0,5.0,6.0,5.0,6.0,0.0,2.0,4.0,8.0,7.0
409,2080.0,3002.0,6.0,2658.0,3191.0,2967.0,3326.0,124.0,3047.0,1863.0,277.0,3341.0,198.0,98.0,3161.0,2609.0,3363.0,120.0,2858.0,3074.0,3086.0,2767.0,38.0,1546.0,2965.0,3345.0,2835.0
410,2341.0,3638.0,9.0,3063.0,3847.0,3579.0,4039.0,144.0,3670.0,2171.0,377.0,4093.0,262.0,113.0,3817.0,3020.0,4086.0,144.0,3461.0,3668.0,3606.0,3243.0,59.0,1657.0,3411.0,4031.0,3374.0
411,2092.0,3228.0,6.0,2785.0,3388.0,3182.0,3541.0,120.0,3239.0,2021.0,336.0,3590.0,246.0,103.0,3358.0,2670.0,3582.0,131.0,3115.0,3215.0,3174.0,2891.0,49.0,1505.0,3007.0,3529.0,3008.0
412,2235.0,3314.0,9.0,2923.0,3484.0,3277.0,3652.0,124.0,3370.0,2128.0,346.0,3684.0,250.0,111.0,3460.0,2790.0,3709.0,131.0,3175.0,3343.0,3348.0,3001.0,53.0,1595.0,3178.0,3661.0,3087.0
413,1655.0,2690.0,8.0,2244.0,2771.0,2640.0,2919.0,94.0,2674.0,1719.0,307.0,2969.0,218.0,75.0,2742.0,2128.0,2961.0,108.0,2556.0,2630.0,2606.0,2346.0,48.0,1121.0,2425.0,2910.0,2455.0
414,419.0,672.0,2.0,605.0,716.0,682.0,735.0,30.0,698.0,447.0,83.0,744.0,65.0,28.0,718.0,549.0,747.0,38.0,638.0,700.0,668.0,608.0,18.0,348.0,672.0,745.0,634.0
415,15.0,14.0,0.0,14.0,15.0,14.0,16.0,0.0,15.0,11.0,0.0,16.0,4.0,0.0,15.0,15.0,16.0,0.0,11.0,15.0,15.0,14.0,0.0,5.0,15.0,16.0,13.0
416,2282.0,3575.0,7.0,2996.0,3775.0,3523.0,3979.0,135.0,3619.0,2141.0,367.0,4033.0,259.0,110.0,3753.0,2932.0,4030.0,144.0,3398.0,3615.0,3534.0,3186.0,56.0,1613.0,3358.0,3973.0,3332.0
417,1305.0,1819.0,6.0,1628.0,1935.0,1810.0,2014.0,76.0,1866.0,1146.0,190.0,2011.0,121.0,55.0,1952.0,1580.0,2029.0,78.0,1732.0,1888.0,1866.0,1722.0,28.0,1029.0,1833.0,2018.0,1737.0
418,2180.0,3306.0,7.0,2870.0,3512.0,3276.0,3671.0,133.0,3337.0,2070.0,339.0,3719.0,248.0,103.0,3474.0,2778.0,3726.0,130.0,3170.0,3334.0,3308.0,2962.0,52.0,1567.0,3114.0,3662.0,3088.0
419,1391.0,1949.0,5.0,1738.0,2033.0,1953.0,2093.0,86.0,1981.0,1277.0,190.0,2107.0,134.0,57.0,2027.0,1721.0,2118.0,83.0,1901.0,1985.0,1942.0,1821.0,33.0,1073.0,1907.0,2113.0,1893.0
420,93.0,180.0,1.0,122.0,202.0,191.0,207.0,12.0,211.0,94.0,19.0,213.0,16.0,7.0,199.0,131.0,213.0,15.0,175.0,204.0,157.0,176.0,11.0,68.0,167.0,214.0,194.0
421,2146.0,3336.0,7.0,2867.0,3517.0,3281.0,3700.0,121.0,3356.0,2095.0,338.0,3761.0,244.0,100.0,3505.0,2727.0,3759.0,130.0,3187.0,3342.0,3305.0,2962.0,56.0,1519.0,3130.0,3693.0,3085.0
422,1923.0,2806.0,9.0,2449.0,2906.0,2786.0,3000.0,111.0,2827.0,1902.0,325.0,3054.0,238.0,87.0,2888.0,2346.0,3081.0,120.0,2725.0,2798.0,2761.0,2569.0,50.0,1344.0,2631.0,3055.0,2630.0
423,2165.0,3336.0,7.0,2867.0,3521.0,3279.0,3698.0,124.0,3362.0,2057.0,335.0,3739.0,233.0,107.0,3509.0,2764.0,3730.0,132.0,3189.0,3352.0,3330.0,2999.0,49.0,1554.0,3154.0,3684.0,3097.0
424,1661.0,2376.0,7.0,2145.0,2488.0,2381.0,2554.0,101.0,2419.0,1669.0,270.0,2586.0,216.0,75.0,2471.0,2004.0,2610.0,112.0,2322.0,2409.0,2373.0,2193.0,46.0,1202.0,2303.0,2592.0,2247.0
425,1240.0,1741.0,5.0,1584.0,1848.0,1717.0,1926.0,83.0,1769.0,1184.0,161.0,1933.0,128.0,63.0,1845.0,1558.0,1944.0,74.0,1664.0,1792.0,1782.0,1710.0,29.0,1006.0,1734.0,1937.0,1654.0
426,956.0,1370.0,3.0,1198.0,1443.0,1357.0,1526.0,64.0,1398.0,842.0,109.0,1536.0,84.0,45.0,1445.0,1183.0,1538.0,53.0,1287.0,1401.0,1395.0,1286.0,20.0,733.0,1353.0,1527.0,1274.0
427,1537.0,2171.0,7.0,1939.0,2273.0,2170.0,2345.0,86.0,2231.0,1538.0,246.0,2374.0,198.0,80.0,2246.0,1868.0,2398.0,107.0,2106.0,2196.0,2177.0,2013.0,38.0,1115.0,2097.0,2379.0,2042.0
428,2017.0,3213.0,8.0,2652.0,3419.0,3187.0,3625.0,133.0,3272.0,1797.0,308.0,3701.0,217.0,107.0,3429.0,2631.0,3686.0,131.0,3021.0,3296.0,3178.0,2895.0,51.0,1535.0,3068.0,3637.0,3010.0
429,1617.0,2294.0,3.0,2110.0,2403.0,2264.0,2512.0,81.0,2314.0,1497.0,207.0,2525.0,155.0,77.0,2417.0,1956.0,2546.0,82.0,2154.0,2340.0,2356.0,2119.0,29.0,1254.0,2305.0,2531.0,2130.0
430,103.0,136.0,1.0,120.0,141.0,139.0,140.0,11.0,137.0,86.0,19.0,142.0,26.0,8.0,141.0,125.0,141.0,10.0,129.0,135.0,125.0,126.0,8.0,70.0,128.0,142.0,131.0
431,446.0,608.0,2.0,561.0,612.0,605.0,634.0,40.0,600.0,472.0,92.0,639.0,77.0,24.0,619.0,529.0,642.0,38.0,579.0,606.0,592.0,569.0,16.0,355.0,587.0,640.0,564.0
432,762.0,1050.0,4.0,936.0,1077.0,1042.0,1100.0,50.0,1065.0,795.0,123.0,1104.0,104.0,27.0,1067.0,955.0,1119.0,55.0,1027.0,1047.0,1023.0,984.0,24.0,557.0,1006.0,1112.0,1007.0
433,1052.0,1379.0,3.0,1215.0,1421.0,1380.0,1463.0,75.0,1391.0,1029.0,153.0,1465.0,120.0,45.0,1409.0,1286.0,1478.0,68.0,1351.0,1394.0,1362.0,1330.0,22.0,744.0,1322.0,1468.0,1317.0
434,2071.0,2911.0,7.0,2599.0,3050.0,2898.0,3129.0,116.0,2930.0,2001.0,334.0,3160.0,238.0,88.0,3014.0,2491.0,3186.0,120.0,2820.0,2916.0,2926.0,2667.0,47.0,1444.0,2790.0,3163.0,2720.0
435,101.0,114.0,0.0,114.0,119.0,116.0,124.0,4.0,115.0,69.0,15.0,124.0,5.0,3.0,121.0,111.0,125.0,4.0,105.0,112.0,119.0,106.0,1.0,66.0,116.0,124.0,99.0
436,369.0,461.0,2.0,387.0,477.0,457.0,489.0,51.0,476.0,372.0,69.0,492.0,62.0,15.0,481.0,436.0,493.0,34.0,460.0,477.0,454.0,449.0,12.0,229.0,433.0,493.0,455.0
437,18.0,32.0,0.0,24.0,36.0,36.0,36.0,2.0,33.0,20.0,3.0,38.0,1.0,1.0,37.0,24.0,37.0,1.0,31.0,36.0,35.0,36.0,1.0,22.0,33.0,38.0,33.0
438,1303.0,1871.0,4.0,1689.0,1957.0,1853.0,2046.0,82.0,1895.0,1305.0,225.0,2056.0,168.0,74.0,1937.0,1649.0,2074.0,100.0,1762.0,1888.0,1902.0,1747.0,36.0,925.0,1792.0,2058.0,1711.0
439,998.0,1402.0,2.0,1277.0,1458.0,1397.0,1504.0,59.0,1451.0,1075.0,156.0,1518.0,172.0,58.0,1447.0,1228.0,1530.0,68.0,1368.0,1419.0,1410.0,1330.0,28.0,753.0,1362.0,1525.0,1340.0
440,676.0,1120.0,3.0,912.0,1152.0,1090.0,1197.0,32.0,1119.0,688.0,129.0,1235.0,79.0,29.0,1145.0,871.0,1240.0,37.0,1055.0,1123.0,1087.0,967.0,19.0,496.0,1048.0,1238.0,1020.0
441,0.0,0.0,0.0,0.0,0.0,0.0,0.0,0.0,0.0,0.0,0.0,11.0,0.0,0.0,0.0,0.0,11.0,0.0,0.0,0.0,0.0,0.0,0.0,0.0,0.0,11.0,0.0
442,1618.0,2701.0,6.0,2234.0,2888.0,2654.0,3096.0,109.0,2782.0,1426.0,226.0,3178.0,184.0,83.0,2900.0,2141.0,3169.0,99.0,2529.0,2763.0,2679.0,2378.0,33.0,1227.0,2544.0,3111.0,2523.0
443,1415.0,2065.0,9.0,1786.0,2123.0,2064.0,2146.0,87.0,2067.0,1505.0,280.0,2181.0,204.0,62.0,2072.0,1714.0,2202.0,85.0,2063.0,2040.0,1994.0,1872.0,41.0,951.0,1897.0,2181.0,1937.0
444,2155.0,3133.0,7.0,2761.0,3325.0,3101.0,3492.0,122.0,3173.0,2012.0,326.0,3518.0,217.0,103.0,3298.0,2672.0,3533.0,124.0,2987.0,3188.0,3193.0,2841.0,50.0,1529.0,3026.0,3492.0,2933.0
445,170.0,208.0,1.0,186.0,218.0,215.0,222.0,17.0,204.0,156.0,46.0,229.0,34.0,9.0,217.0,192.0,229.0,23.0,198.0,213.0,200.0,198.0,12.0,111.0,201.0,225.0,191.0
446,1859.0,2602.0,7.0,2389.0,2738.0,2591.0,2818.0,108.0,2655.0,1809.0,299.0,2841.0,227.0,88.0,2723.0,2222.0,2866.0,108.0,2519.0,2639.0,2644.0,2413.0,42.0,1333.0,2542.0,2854.0,2453.0
447,881.0,1365.0,3.0,1264.0,1431.0,1394.0,1490.0,64.0,1391.0,961.0,147.0,1507.0,117.0,42.0,1434.0,1161.0,1518.0,61.0,1313.0,1395.0,1374.0,1316.0,23.0,715.0,1345.0,1506.0,1296.0
448,2207.0,3191.0,8.0,2841.0,3360.0,3156.0,3478.0,122.0,3221.0,2096.0,352.0,3516.0,251.0,101.0,3332.0,2710.0,3544.0,134.0,3069.0,3216.0,3232.0,2911.0,52.0,1540.0,3072.0,3514.0,2971.0
449,165.0,270.0,1.0,257.0,281.0,273.0,282.0,15.0,281.0,217.0,64.0,296.0,77.0,11.0,280.0,184.0,301.0,22.0,277.0,270.0,269.0,222.0,16.0,144.0,255.0,296.0,253.0
450,192.0,288.0,0.0,228.0,312.0,298.0,360.0,6.0,323.0,126.0,16.0,378.0,13.0,4.0,329.0,213.0,376.0,6.0,256.0,320.0,263.0,247.0,1.0,107.0,284.0,358.0,298.0
451,600.0,874.0,5.0,695.0,909.0,884.0,934.0,60.0,879.0,610.0,121.0,956.0,81.0,30.0,894.0,779.0,962.0,55.0,848.0,902.0,830.0,815.0,27.0,413.0,820.0,957.0,864.0
452,1034.0,1809.0,3.0,1473.0,1867.0,1780.0,1943.0,43.0,1808.0,1100.0,172.0,1996.0,131.0,52.0,1848.0,1370.0,1996.0,55.0,1724.0,1769.0,1711.0,1573.0,21.0,745.0,1611.0,1976.0,1663.0
453,78.0,124.0,1.0,98.0,128.0,129.0,131.0,10.0,123.0,92.0,30.0,132.0,21.0,2.0,131.0,109.0,132.0,14.0,124.0,129.0,118.0,128.0,6.0,72.0,118.0,132.0,121.0
454,1853.0,2727.0,8.0,2386.0,2909.0,2720.0,3036.0,115.0,2807.0,1666.0,264.0,3084.0,204.0,89.0,2903.0,2325.0,3107.0,117.0,2593.0,2822.0,2753.0,2518.0,40.0,1388.0,2690.0,3090.0,2581.0
455,1682.0,2537.0,6.0,2216.0,2710.0,2547.0,2844.0,103.0,2614.0,1523.0,252.0,2895.0,190.0,87.0,2723.0,2101.0,2914.0,116.0,2435.0,2653.0,2551.0,2337.0,43.0,1309.0,2521.0,2894.0,2421.0
456,41.0,61.0,1.0,43.0,62.0,53.0,77.0,3.0,71.0,39.0,29.0,82.0,5.0,6.0,71.0,35.0,81.0,11.0,42.0,60.0,60.0,36.0,4.0,13.0,62.0,78.0,35.0
457,760.0,1154.0,4.0,981.0,1187.0,1106.0,1215.0,24.0,1153.0,803.0,174.0,1248.0,128.0,30.0,1160.0,877.0,1256.0,44.0,1130.0,1124.0,1134.0,957.0,17.0,430.0,1061.0,1246.0,1039.0
458,2103.0,3088.0,9.0,2630.0,3232.0,3051.0,3349.0,119.0,3114.0,1977.0,346.0,3387.0,246.0,98.0,3196.0,2584.0,3410.0,129.0,2968.0,3102.0,3060.0,2807.0,51.0,1428.0,2905.0,3382.0,2880.0
459,1192.0,1820.0,3.0,1610.0,1887.0,1775.0,1932.0,54.0,1823.0,1311.0,247.0,1973.0,190.0,48.0,1858.0,1446.0,1992.0,70.0,1777.0,1791.0,1808.0,1571.0,32.0,767.0,1700.0,1971.0,1635.0
460,126.0,234.0,2.0,167.0,238.0,223.0,257.0,4.0,254.0,115.0,32.0,268.0,14.0,6.0,241.0,184.0,267.0,7.0,208.0,231.0,226.0,188.0,4.0,72.0,228.0,264.0,208.0
461,128.0,197.0,1.0,143.0,207.0,188.0,231.0,4.0,207.0,106.0,58.0,232.0,25.0,8.0,215.0,130.0,236.0,14.0,174.0,203.0,193.0,148.0,8.0,45.0,192.0,233.0,153.0
462,35.0,41.0,0.0,27.0,45.0,39.0,49.0,0.0,45.0,9.0,0.0,49.0,0.0,0.0,44.0,44.0,49.0,1.0,41.0,44.0,41.0,35.0,0.0,16.0,39.0,49.0,40.0
463,83.0,169.0,0.0,120.0,183.0,165.0,190.0,10.0,189.0,95.0,26.0,186.0,27.0,7.0,178.0,133.0,194.0,11.0,165.0,184.0,153.0,157.0,8.0,52.0,146.0,193.0,159.0
464,2083.0,3128.0,9.0,2657.0,3272.0,3087.0,3406.0,118.0,3158.0,1993.0,346.0,3451.0,242.0,93.0,3228.0,2604.0,3474.0,125.0,3005.0,3147.0,3090.0,2841.0,54.0,1442.0,2950.0,3442.0,2939.0
465,10.0,31.0,1.0,22.0,34.0,33.0,41.0,1.0,32.0,8.0,3.0,55.0,1.0,1.0,38.0,21.0,55.0,2.0,22.0,36.0,31.0,27.0,3.0,7.0,38.0,51.0,33.0
466,34.0,118.0,0.0,71.0,116.0,111.0,135.0,3.0,124.0,14.0,5.0,149.0,1.0,2.0,126.0,68.0,149.0,7.0,102.0,119.0,96.0,88.0,3.0,37.0,106.0,143.0,100.0
467,380.0,591.0,1.0,472.0,614.0,569.0,628.0,11.0,609.0,436.0,130.0,651.0,80.0,16.0,605.0,434.0,654.0,37.0,564.0,576.0,581.0,466.0,20.0,159.0,548.0,642.0,517.0
468,15.0,44.0,1.0,34.0,41.0,37.0,49.0,2.0,50.0,18.0,7.0,61.0,19.0,3.0,41.0,27.0,62.0,2.0,49.0,35.0,35.0,30.0,1.0,9.0,27.0,58.0,36.0
469,2.0,1.0,0.0,1.0,3.0,1.0,5.0,0.0,2.0,1.0,0.0,7.0,0.0,0.0,3.0,2.0,7.0,0.0,1.0,4.0,2.0,2.0,0.0,1.0,3.0,6.0,2.0
470,4.0,6.0,0.0,6.0,6.0,6.0,6.0,0.0,6.0,1.0,0.0,6.0,0.0,0.0,6.0,6.0,6.0,0.0,6.0,6.0,6.0,6.0,0.0,3.0,5.0,6.0,6.0
471,60.0,73.0,0.0,67.0,79.0,71.0,85.0,0.0,78.0,34.0,2.0,97.0,0.0,2.0,74.0,69.0,97.0,3.0,68.0,74.0,71.0,69.0,0.0,48.0,72.0,97.0,69.0
472,60.0,112.0,0.0,65.0,112.0,101.0,135.0,5.0,125.0,45.0,20.0,142.0,7.0,5.0,120.0,77.0,141.0,6.0,93.0,113.0,105.0,85.0,1.0,27.0,114.0,139.0,91.0
473,815.0,1339.0,4.0,1032.0,1402.0,1295.0,1455.0,35.0,1354.0,822.0,182.0,1507.0,112.0,34.0,1389.0,1029.0,1513.0,57.0,1268.0,1345.0,1280.0,1160.0,23.0,507.0,1247.0,1498.0,1235.0
474,152.0,228.0,1.0,202.0,245.0,217.0,236.0,4.0,233.0,217.0,87.0,265.0,93.0,6.0,223.0,152.0,273.0,23.0,243.0,206.0,224.0,135.0,9.0,46.0,190.0,261.0,191.0
475,2311.0,3369.0,9.0,2977.0,3564.0,3346.0,3710.0,137.0,3412.0,2151.0,356.0,3740.0,253.0,106.0,3523.0,2872.0,3770.0,140.0,3244.0,3408.0,3425.0,3067.0,58.0,1638.0,3237.0,3736.0,3157.0
476,2240.0,3425.0,9.0,2937.0,3602.0,3384.0,3786.0,129.0,3468.0,2081.0,354.0,3823.0,229.0,103.0,3577.0,2847.0,3833.0,130.0,3265.0,3444.0,3422.0,3072.0,53.0,1589.0,3221.0,3777.0,3175.0
477,2137.0,3226.0,9.0,2759.0,3379.0,3200.0,3509.0,118.0,3283.0,2058.0,352.0,3550.0,248.0,96.0,3354.0,2668.0,3569.0,128.0,3134.0,3237.0,3168.0,2889.0,57.0,1496.0,3023.0,3514.0,3004.0
478,2319.0,3609.0,9.0,3036.0,3809.0,3552.0,4011.0,141.0,3636.0,2153.0,364.0,4060.0,240.0,112.0,3782.0,2992.0,4052.0,139.0,3429.0,3639.0,3583.0,3226.0,56.0,1641.0,3388.0,3998.0,3348.0
479,2134.0,3100.0,9.0,2728.0,3261.0,3080.0,3365.0,112.0,3135.0,2063.0,340.0,3401.0,245.0,95.0,3223.0,2633.0,3425.0,130.0,2992.0,3114.0,3134.0,2821.0,50.0,1480.0,2957.0,3396.0,2892.0
480,132.0,181.0,1.0,157.0,184.0,186.0,200.0,5.0,190.0,125.0,44.0,200.0,35.0,7.0,194.0,136.0,200.0,15.0,166.0,193.0,179.0,156.0,6.0,68.0,183.0,200.0,162.0
481,844.0,1186.0,3.0,1153.0,1259.0,1184.0,1327.0,57.0,1189.0,845.0,104.0,1331.0,87.0,38.0,1267.0,1034.0,1343.0,54.0,1114.0,1220.0,1231.0,1181.0,17.0,717.0,1206.0,1333.0,1101.0
482,1246.0,1849.0,4.0,1662.0,1917.0,1851.0,1954.0,80.0,1848.0,1395.0,244.0,1979.0,195.0,57.0,1880.0,1528.0,1998.0,81.0,1835.0,1824.0,1831.0,1690.0,36.0,831.0,1715.0,1981.0,1713.0
483,399.0,540.0,4.0,448.0,563.0,534.0,581.0,50.0,558.0,386.0,99.0,602.0,84.0,19.0,555.0,481.0,607.0,43.0,543.0,559.0,531.0,495.0,16.0,252.0,507.0,596.0,523.0
484,63.0,76.0,1.0,58.0,85.0,77.0,92.0,4.0,78.0,77.0,55.0,106.0,49.0,5.0,89.0,45.0,105.0,15.0,75.0,77.0,80.0,51.0,9.0,27.0,62.0,101.0,59.0
485,78.0,92.0,1.0,70.0,100.0,90.0,102.0,7.0,89.0,92.0,65.0,105.0,48.0,5.0,99.0,58.0,106.0,16.0,89.0,86.0,93.0,63.0,9.0,31.0,71.0,102.0,66.0
486,90.0,125.0,1.0,107.0,138.0,111.0,140.0,6.0,111.0,123.0,70.0,142.0,49.0,6.0,128.0,91.0,145.0,17.0,113.0,108.0,128.0,76.0,10.0,38.0,108.0,140.0,98.0
487,29.0,58.0,0.0,49.0,61.0,49.0,77.0,3.0,65.0,27.0,16.0,79.0,2.0,4.0,69.0,27.0,79.0,5.0,45.0,67.0,64.0,41.0,2.0,13.0,66.0,79.0,38.0
488,22.0,40.0,0.0,29.0,40.0,32.0,50.0,3.0,47.0,23.0,17.0,51.0,2.0,3.0,44.0,21.0,51.0,6.0,29.0,46.0,43.0,20.0,2.0,7.0,42.0,51.0,24.0
489,40.0,93.0,0.0,73.0,96.0,76.0,114.0,2.0,97.0,35.0,15.0,116.0,3.0,4.0,104.0,43.0,117.0,4.0,69.0,101.0,98.0,63.0,1.0,28.0,100.0,116.0,64.0
490,39.0,89.0,0.0,65.0,92.0,75.0,116.0,2.0,102.0,39.0,20.0,118.0,2.0,4.0,105.0,44.0,117.0,7.0,66.0,98.0,96.0,64.0,1.0,22.0,97.0,117.0,58.0
491,39.0,103.0,0.0,83.0,108.0,79.0,127.0,2.0,104.0,38.0,15.0,130.0,3.0,4.0,117.0,42.0,131.0,4.0,81.0,114.0,111.0,66.0,1.0,24.0,112.0,130.0,68.0
492,36.0,78.0,0.0,64.0,81.0,70.0,105.0,2.0,91.0,34.0,18.0,107.0,3.0,4.0,96.0,33.0,107.0,5.0,57.0,89.0,87.0,56.0,1.0,17.0,90.0,106.0,53.0
493,30.0,42.0,1.0,35.0,42.0,36.0,49.0,3.0,44.0,28.0,25.0,50.0,7.0,3.0,45.0,26.0,50.0,7.0,33.0,43.0,44.0,27.0,4.0,10.0,40.0,50.0,29.0
494,32.0,46.0,1.0,38.0,46.0,41.0,55.0,3.0,46.0,30.0,26.0,56.0,5.0,3.0,51.0,28.0,56.0,8.0,37.0,49.0,47.0,31.0,4.0,10.0,46.0,55.0,30.0
495,72.0,96.0,0.0,80.0,101.0,92.0,102.0,7.0,97.0,69.0,36.0,107.0,27.0,5.0,100.0,76.0,106.0,9.0,91.0,96.0,98.0,76.0,7.0,42.0,86.0,105.0,75.0
496,12.0,21.0,0.0,13.0,25.0,20.0,27.0,3.0,23.0,7.0,4.0,28.0,1.0,0.0,26.0,21.0,26.0,2.0,19.0,25.0,21.0,16.0,3.0,4.0,24.0,27.0,20.0
497,20.0,32.0,0.0,27.0,34.0,29.0,38.0,3.0,38.0,20.0,11.0,43.0,7.0,0.0,37.0,26.0,42.0,4.0,34.0,34.0,31.0,25.0,6.0,14.0,32.0,42.0,31.0
498,2.0,7.0,0.0,4.0,7.0,5.0,9.0,0.0,7.0,1.0,1.0,20.0,0.0,0.0,7.0,6.0,20.0,1.0,6.0,8.0,7.0,4.0,0.0,2.0,7.0,19.0,5.0
499,20.0,25.0,0.0,21.0,27.0,25.0,33.0,0.0,25.0,17.0,3.0,42.0,3.0,0.0,28.0,22.0,43.0,0.0,24.0,27.0,28.0,24.0,0.0,9.0,28.0,36.0,24.0
500,59.0,74.0,1.0,57.0,76.0,69.0,77.0,9.0,73.0,47.0,31.0,82.0,22.0,6.0,75.0,62.0,83.0,15.0,74.0,68.0,67.0,60.0,7.0,38.0,59.0,78.0,58.0
501,244.0,315.0,1.0,248.0,338.0,295.0,354.0,22.0,316.0,195.0,91.0,364.0,50.0,26.0,336.0,262.0,368.0,27.0,300.0,300.0,301.0,261.0,14.0,133.0,273.0,356.0,264.0
502,0.0,0.0,0.0,0.0,0.0,0.0,3.0,0.0,3.0,0.0,0.0,3.0,0.0,0.0,3.0,0.0,3.0,0.0,0.0,0.0,0.0,0.0,0.0,0.0,0.0,3.0,0.0
503,1.0,3.0,0.0,3.0,3.0,3.0,3.0,0.0,2.0,2.0,0.0,3.0,0.0,0.0,3.0,2.0,3.0,0.0,2.0,3.0,3.0,3.0,0.0,2.0,3.0,3.0,3.0
504,113.0,180.0,1.0,169.0,194.0,167.0,191.0,8.0,183.0,166.0,74.0,221.0,87.0,8.0,172.0,119.0,230.0,26.0,198.0,153.0,180.0,101.0,8.0,56.0,142.0,219.0,149.0
505,96.0,132.0,1.0,121.0,146.0,137.0,147.0,6.0,148.0,121.0,67.0,169.0,86.0,5.0,133.0,77.0,177.0,21.0,161.0,124.0,137.0,83.0,9.0,52.0,100.0,164.0,110.0
506,2.0,3.0,0.0,3.0,4.0,4.0,4.0,0.0,3.0,1.0,0.0,4.0,0.0,0.0,4.0,4.0,4.0,0.0,4.0,4.0,4.0,2.0,0.0,2.0,3.0,4.0,3.0
507,11.0,12.0,0.0,11.0,13.0,12.0,16.0,0.0,12.0,6.0,3.0,17.0,1.0,0.0,15.0,12.0,17.0,1.0,12.0,12.0,14.0,11.0,0.0,3.0,11.0,17.0,10.0
508,185.0,281.0,2.0,252.0,288.0,269.0,312.0,19.0,275.0,206.0,83.0,320.0,46.0,16.0,288.0,250.0,324.0,23.0,258.0,259.0,281.0,232.0,9.0,126.0,258.0,319.0,245.0
509,52.0,90.0,0.0,81.0,94.0,75.0,105.0,6.0,78.0,67.0,17.0,105.0,6.0,5.0,91.0,89.0,107.0,4.0,75.0,77.0,95.0,66.0,3.0,26.0,88.0,104.0,84.0
510,113.0,192.0,2.0,177.0,206.0,180.0,201.0,8.0,201.0,163.0,81.0,232.0,95.0,8.0,187.0,120.0,242.0,26.0,215.0,174.0,193.0,111.0,9.0,60.0,149.0,228.0,153.0
511,92.0,123.0,0.0,110.0,125.0,117.0,140.0,9.0,122.0,84.0,28.0,140.0,15.0,7.0,129.0,107.0,144.0,9.0,113.0,118.0,126.0,112.0,4.0,54.0,114.0,142.0,107.0
512,194.0,235.0,1.0,211.0,241.0,232.0,264.0,22.0,227.0,177.0,60.0,273.0,37.0,16.0,252.0,209.0,275.0,13.0,219.0,231.0,243.0,204.0,7.0,110.0,224.0,264.0,196.0
513,86.0,97.0,0.0,88.0,104.0,97.0,114.0,3.0,105.0,52.0,11.0,114.0,7.0,7.0,104.0,95.0,116.0,5.0,95.0,86.0,102.0,89.0,1.0,53.0,92.0,115.0,87.0
514,189.0,259.0,1.0,228.0,269.0,246.0,294.0,18.0,248.0,204.0,69.0,303.0,37.0,15.0,263.0,234.0,307.0,19.0,241.0,246.0,262.0,218.0,10.0,107.0,241.0,296.0,234.0
515,3.0,2.0,0.0,1.0,3.0,2.0,3.0,0.0,3.0,0.0,0.0,3.0,0.0,0.0,2.0,3.0,3.0,1.0,2.0,2.0,2.0,2.0,0.0,0.0,1.0,3.0,2.0
516,4.0,4.0,0.0,2.0,5.0,4.0,5.0,1.0,5.0,1.0,2.0,5.0,1.0,0.0,3.0,5.0,5.0,3.0,4.0,4.0,4.0,4.0,0.0,1.0,3.0,5.0,4.0
517,5.0,6.0,0.0,4.0,7.0,6.0,7.0,0.0,6.0,1.0,2.0,7.0,0.0,0.0,5.0,7.0,7.0,3.0,5.0,6.0,6.0,5.0,1.0,2.0,5.0,7.0,6.0
518,2.0,4.0,0.0,4.0,5.0,5.0,6.0,0.0,6.0,2.0,1.0,6.0,0.0,1.0,6.0,4.0,6.0,0.0,5.0,6.0,5.0,5.0,0.0,4.0,5.0,6.0,5.0
519,3.0,3.0,0.0,1.0,4.0,3.0,4.0,0.0,4.0,0.0,1.0,4.0,0.0,0.0,2.0,4.0,4.0,2.0,3.0,3.0,3.0,3.0,0.0,0.0,2.0,4.0,3.0
520,2.0,3.0,0.0,3.0,4.0,4.0,4.0,0.0,4.0,1.0,0.0,4.0,0.0,0.0,4.0,4.0,4.0,0.0,4.0,4.0,4.0,3.0,0.0,3.0,3.0,4.0,3.0
521,10.0,9.0,0.0,8.0,8.0,8.0,12.0,0.0,11.0,3.0,0.0,12.0,1.0,0.0,8.0,10.0,12.0,2.0,7.0,5.0,8.0,9.0,1.0,3.0,5.0,13.0,7.0
522,51.0,60.0,1.0,44.0,63.0,58.0,68.0,2.0,53.0,51.0,34.0,69.0,14.0,1.0,63.0,34.0,70.0,7.0,51.0,61.0,66.0,35.0,3.0,19.0,52.0,64.0,39.0
523,92.0,112.0,1.0,73.0,121.0,105.0,131.0,7.0,109.0,96.0,71.0,132.0,31.0,4.0,121.0,68.0,135.0,16.0,99.0,111.0,115.0,63.0,7.0,32.0,90.0,130.0,70.0
524,89.0,106.0,1.0,69.0,116.0,100.0,126.0,5.0,104.0,91.0,68.0,126.0,32.0,3.0,116.0,66.0,128.0,13.0,93.0,109.0,113.0,65.0,7.0,32.0,87.0,123.0,67.0
525,24.0,33.0,0.0,22.0,33.0,32.0,36.0,3.0,27.0,18.0,6.0,36.0,4.0,1.0,34.0,29.0,36.0,5.0,32.0,29.0,30.0,28.0,0.0,14.0,25.0,36.0,27.0
526,14.0,19.0,0.0,15.0,20.0,21.0,22.0,0.0,19.0,11.0,3.0,23.0,1.0,1.0,22.0,17.0,24.0,3.0,19.0,19.0,20.0,15.0,0.0,9.0,18.0,23.0,19.0
527,142.0,202.0,1.0,163.0,199.0,195.0,223.0,18.0,202.0,126.0,52.0,228.0,29.0,15.0,210.0,176.0,231.0,20.0,189.0,193.0,199.0,186.0,5.0,100.0,186.0,231.0,179.0
528,10.0,16.0,0.0,14.0,16.0,17.0,18.0,0.0,17.0,10.0,1.0,19.0,1.0,0.0,18.0,13.0,19.0,1.0,15.0,18.0,18.0,15.0,0.0,10.0,16.0,19.0,17.0
529,157.0,221.0,1.0,166.0,241.0,208.0,256.0,11.0,224.0,177.0,89.0,276.0,54.0,7.0,232.0,150.0,281.0,26.0,206.0,212.0,234.0,151.0,10.0,70.0,190.0,273.0,174.0
530,79.0,127.0,0.0,108.0,126.0,112.0,139.0,13.0,116.0,99.0,27.0,138.0,16.0,9.0,123.0,115.0,141.0,12.0,105.0,108.0,127.0,99.0,7.0,51.0,121.0,139.0,117.0
531,2.0,3.0,0.0,3.0,3.0,3.0,4.0,1.0,3.0,2.0,1.0,4.0,1.0,0.0,3.0,2.0,5.0,0.0,2.0,2.0,3.0,3.0,0.0,1.0,2.0,4.0,3.0
532,6.0,8.0,0.0,5.0,8.0,6.0,9.0,1.0,7.0,3.0,2.0,9.0,0.0,0.0,7.0,7.0,9.0,1.0,6.0,6.0,7.0,6.0,0.0,4.0,6.0,9.0,7.0
533,16.0,22.0,0.0,19.0,25.0,21.0,29.0,2.0,20.0,13.0,3.0,37.0,3.0,0.0,25.0,18.0,38.0,1.0,21.0,21.0,23.0,20.0,0.0,12.0,24.0,30.0,21.0
534,13.0,17.0,0.0,11.0,17.0,16.0,20.0,1.0,16.0,12.0,5.0,21.0,3.0,0.0,18.0,12.0,21.0,0.0,13.0,16.0,18.0,15.0,0.0,7.0,17.0,21.0,15.0
535,29.0,66.0,1.0,55.0,68.0,54.0,74.0,7.0,52.0,54.0,13.0,74.0,5.0,4.0,62.0,66.0,73.0,5.0,55.0,46.0,65.0,40.0,4.0,18.0,61.0,73.0,61.0
536,12.0,19.0,1.0,14.0,18.0,16.0,22.0,0.0,15.0,11.0,5.0,25.0,3.0,0.0,19.0,16.0,25.0,1.0,15.0,15.0,20.0,16.0,1.0,6.0,18.0,25.0,17.0
537,22.0,25.0,0.0,20.0,27.0,24.0,28.0,3.0,28.0,16.0,8.0,29.0,2.0,2.0,27.0,24.0,29.0,3.0,26.0,25.0,25.0,22.0,0.0,11.0,25.0,28.0,22.0
538,12.0,12.0,0.0,8.0,15.0,14.0,17.0,1.0,13.0,7.0,1.0,24.0,1.0,1.0,15.0,11.0,24.0,1.0,12.0,13.0,14.0,11.0,1.0,6.0,13.0,17.0,11.0
539,131.0,193.0,2.0,163.0,195.0,178.0,215.0,14.0,181.0,146.0,54.0,224.0,34.0,11.0,193.0,175.0,227.0,17.0,167.0,167.0,191.0,149.0,7.0,69.0,174.0,219.0,166.0
540,19.0,30.0,0.0,22.0,29.0,29.0,38.0,1.0,27.0,17.0,4.0,42.0,3.0,0.0,33.0,24.0,42.0,0.0,26.0,29.0,34.0,27.0,0.0,10.0,31.0,41.0,28.0
541,23.0,35.0,0.0,34.0,35.0,34.0,43.0,1.0,38.0,24.0,6.0,44.0,4.0,0.0,40.0,29.0,46.0,1.0,30.0,36.0,39.0,33.0,0.0,17.0,36.0,45.0,35.0
542,42.0,78.0,1.0,92.0,83.0,71.0,78.0,6.0,101.0,54.0,15.0,109.0,58.0,2.0,67.0,43.0,117.0,14.0,110.0,67.0,73.0,55.0,2.0,37.0,58.0,109.0,71.0
543,53.0,103.0,1.0,110.0,107.0,93.0,106.0,6.0,127.0,64.0,17.0,141.0,60.0,2.0,94.0,58.0,150.0,14.0,130.0,91.0,98.0,73.0,2.0,46.0,79.0,139.0,92.0
544,61.0,83.0,1.0,72.0,89.0,84.0,99.0,7.0,82.0,65.0,39.0,99.0,22.0,7.0,91.0,68.0,101.0,7.0,76.0,82.0,89.0,72.0,5.0,36.0,76.0,100.0,72.0
545,104.0,154.0,1.0,128.0,164.0,141.0,168.0,9.0,138.0,138.0,68.0,168.0,30.0,13.0,158.0,124.0,170.0,14.0,138.0,134.0,155.0,95.0,7.0,43.0,138.0,167.0,120.0
546,26.0,65.0,0.0,63.0,66.0,54.0,75.0,0.0,58.0,54.0,8.0,76.0,2.0,0.0,63.0,60.0,78.0,3.0,53.0,52.0,68.0,41.0,0.0,19.0,65.0,77.0,64.0
547,11.0,17.0,0.0,14.0,20.0,19.0,25.0,0.0,19.0,11.0,3.0,33.0,2.0,0.0,21.0,14.0,34.0,0.0,17.0,22.0,21.0,18.0,0.0,8.0,21.0,26.0,19.0
548,26.0,38.0,0.0,28.0,39.0,33.0,42.0,3.0,34.0,19.0,4.0,50.0,3.0,1.0,38.0,36.0,50.0,2.0,34.0,33.0,35.0,33.0,0.0,14.0,35.0,43.0,33.0
549,37.0,53.0,0.0,40.0,54.0,52.0,68.0,5.0,54.0,28.0,9.0,79.0,4.0,3.0,58.0,43.0,79.0,2.0,50.0,53.0,57.0,46.0,2.0,22.0,52.0,70.0,48.0
550,7.0,10.0,0.0,3.0,9.0,10.0,12.0,0.0,11.0,6.0,3.0,12.0,1.0,0.0,10.0,7.0,12.0,0.0,8.0,12.0,11.0,9.0,0.0,2.0,10.0,12.0,10.0
551,121.0,186.0,0.0,149.0,189.0,165.0,214.0,7.0,186.0,109.0,31.0,217.0,9.0,10.0,196.0,149.0,221.0,11.0,155.0,183.0,192.0,149.0,4.0,66.0,179.0,217.0,156.0
552,2.0,3.0,0.0,1.0,3.0,2.0,3.0,1.0,2.0,2.0,2.0,3.0,2.0,0.0,3.0,2.0,3.0,2.0,3.0,2.0,2.0,2.0,0.0,1.0,2.0,3.0,2.0
553,22.0,28.0,1.0,23.0,29.0,26.0,31.0,0.0,24.0,20.0,8.0,31.0,4.0,1.0,30.0,22.0,31.0,1.0,23.0,30.0,30.0,25.0,2.0,12.0,28.0,31.0,25.0
554,22.0,25.0,0.0,18.0,27.0,27.0,33.0,3.0,25.0,18.0,5.0,41.0,3.0,1.0,30.0,18.0,42.0,1.0,25.0,26.0,28.0,23.0,1.0,13.0,29.0,34.0,23.0
555,10.0,11.0,0.0,9.0,13.0,11.0,14.0,0.0,13.0,7.0,3.0,14.0,1.0,1.0,12.0,10.0,14.0,1.0,11.0,11.0,10.0,9.0,0.0,4.0,10.0,14.0,8.0
556,19.0,27.0,0.0,20.0,26.0,23.0,28.0,3.0,29.0,16.0,5.0,36.0,4.0,0.0,24.0,18.0,37.0,2.0,23.0,23.0,24.0,21.0,1.0,11.0,22.0,29.0,21.0
557,30.0,44.0,1.0,37.0,46.0,43.0,61.0,5.0,44.0,33.0,11.0,66.0,7.0,4.0,52.0,37.0,68.0,1.0,39.0,43.0,50.0,35.0,1.0,24.0,46.0,60.0,39.0
558,77.0,130.0,0.0,117.0,130.0,118.0,143.0,12.0,114.0,99.0,15.0,154.0,21.0,5.0,129.0,119.0,154.0,4.0,115.0,113.0,133.0,99.0,3.0,48.0,130.0,146.0,122.0
559,2.0,6.0,0.0,4.0,7.0,5.0,7.0,0.0,4.0,2.0,0.0,7.0,0.0,0.0,6.0,5.0,7.0,0.0,7.0,6.0,6.0,2.0,0.0,0.0,5.0,7.0,4.0
560,0.0,0.0,0.0,0.0,1.0,0.0,1.0,0.0,0.0,0.0,0.0,1.0,0.0,0.0,1.0,0.0,1.0,0.0,0.0,0.0,0.0,0.0,0.0,0.0,0.0,1.0,1.0
561,11.0,29.0,0.0,29.0,33.0,20.0,35.0,2.0,24.0,25.0,5.0,36.0,0.0,1.0,27.0,29.0,37.0,2.0,24.0,22.0,28.0,16.0,1.0,6.0,31.0,36.0,34.0
562,8.0,9.0,0.0,6.0,9.0,10.0,12.0,0.0,8.0,5.0,1.0,12.0,1.0,0.0,11.0,7.0,13.0,0.0,7.0,9.0,11.0,10.0,0.0,3.0,11.0,12.0,10.0
563,35.0,71.0,0.0,62.0,72.0,57.0,78.0,3.0,58.0,57.0,8.0,79.0,6.0,3.0,67.0,70.0,79.0,2.0,58.0,54.0,72.0,45.0,0.0,20.0,69.0,79.0,68.0
564,0.0,0.0,0.0,0.0,0.0,0.0,0.0,0.0,0.0,0.0,0.0,0.0,0.0,0.0,0.0,0.0,0.0,0.0,0.0,0.0,0.0,0.0,0.0,0.0,0.0,0.0,0.0
565,0.0,0.0,0.0,0.0,0.0,0.0,0.0,0.0,0.0,0.0,0.0,0.0,0.0,0.0,0.0,0.0,0.0,0.0,0.0,0.0,0.0,0.0,0.0,0.0,0.0,0.0,0.0
566,19.0,47.0,0.0,46.0,49.0,37.0,51.0,1.0,39.0,39.0,4.0,51.0,0.0,0.0,42.0,49.0,51.0,2.0,35.0,35.0,48.0,27.0,1.0,8.0,45.0,51.0,47.0
567,23.0,43.0,0.0,40.0,45.0,34.0,48.0,1.0,37.0,29.0,6.0,49.0,1.0,0.0,44.0,44.0,49.0,2.0,31.0,36.0,43.0,34.0,1.0,16.0,39.0,49.0,42.0
568,1.0,2.0,0.0,3.0,3.0,2.0,2.0,0.0,2.0,0.0,0.0,3.0,0.0,0.0,2.0,2.0,3.0,0.0,3.0,2.0,2.0,1.0,0.0,0.0,2.0,2.0,2.0
569,47.0,97.0,2.0,80.0,99.0,83.0,104.0,6.0,85.0,72.0,15.0,108.0,10.0,8.0,90.0,91.0,108.0,8.0,85.0,75.0,92.0,66.0,2.0,34.0,89.0,107.0,88.0
570,7.0,8.0,0.0,5.0,8.0,8.0,8.0,0.0,7.0,6.0,1.0,9.0,1.0,0.0,8.0,6.0,9.0,0.0,7.0,8.0,8.0,7.0,0.0,4.0,8.0,9.0,7.0
571,0.0,0.0,0.0,0.0,0.0,0.0,0.0,0.0,0.0,0.0,0.0,0.0,0.0,0.0,0.0,0.0,0.0,0.0,0.0,0.0,0.0,0.0,0.0,0.0,0.0,0.0,0.0
572,346.0,471.0,3.0,409.0,483.0,461.0,525.0,42.0,481.0,331.0,121.0,534.0,82.0,20.0,498.0,404.0,540.0,33.0,437.0,466.0,480.0,417.0,17.0,223.0,445.0,528.0,418.0
573,42.0,86.0,1.0,73.0,88.0,74.0,102.0,7.0,74.0,65.0,11.0,112.0,9.0,4.0,86.0,76.0,112.0,2.0,72.0,68.0,90.0,56.0,1.0,32.0,90.0,104.0,80.0
574,10.0,28.0,0.0,23.0,27.0,15.0,29.0,3.0,15.0,21.0,4.0,31.0,1.0,3.0,19.0,26.0,31.0,1.0,18.0,14.0,26.0,13.0,1.0,8.0,23.0,31.0,23.0
575,2.0,9.0,0.0,3.0,7.0,5.0,8.0,1.0,5.0,1.0,0.0,11.0,0.0,0.0,7.0,6.0,10.0,0.0,8.0,3.0,4.0,5.0,0.0,1.0,4.0,11.0,7.0
576,2.0,6.0,0.0,2.0,4.0,3.0,5.0,1.0,4.0,1.0,0.0,8.0,0.0,0.0,4.0,3.0,8.0,0.0,5.0,2.0,2.0,4.0,0.0,0.0,3.0,8.0,5.0
577,25.0,53.0,0.0,43.0,53.0,40.0,57.0,3.0,42.0,41.0,8.0,59.0,3.0,3.0,49.0,50.0,59.0,2.0,44.0,39.0,53.0,32.0,0.0,12.0,49.0,59.0,49.0
578,14.0,18.0,0.0,13.0,16.0,18.0,22.0,0.0,19.0,11.0,3.0,25.0,2.0,0.0,19.0,13.0,26.0,0.0,16.0,19.0,21.0,16.0,0.0,8.0,19.0,25.0,17.0
579,49.0,75.0,1.0,56.0,76.0,70.0,85.0,3.0,75.0,44.0,13.0,96.0,8.0,1.0,75.0,62.0,96.0,6.0,73.0,71.0,71.0,67.0,0.0,31.0,69.0,89.0,68.0
580,77.0,106.0,0.0,85.0,109.0,97.0,121.0,6.0,100.0,63.0,38.0,119.0,3.0,4.0,103.0,100.0,122.0,13.0,93.0,86.0,102.0,86.0,4.0,46.0,99.0,121.0,92.0
581,117.0,154.0,0.0,122.0,160.0,147.0,178.0,6.0,155.0,93.0,54.0,186.0,10.0,5.0,159.0,142.0,188.0,14.0,146.0,140.0,153.0,134.0,3.0,67.0,143.0,183.0,138.0
582,25.0,43.0,0.0,32.0,41.0,39.0,48.0,2.0,45.0,22.0,7.0,52.0,4.0,1.0,43.0,32.0,53.0,5.0,41.0,44.0,42.0,37.0,0.0,16.0,36.0,51.0,38.0
583,39.0,53.0,0.0,42.0,56.0,49.0,65.0,4.0,56.0,33.0,12.0,64.0,6.0,1.0,59.0,43.0,65.0,7.0,48.0,55.0,56.0,45.0,3.0,24.0,52.0,65.0,49.0
584,100.0,157.0,0.0,127.0,160.0,140.0,173.0,8.0,148.0,104.0,45.0,174.0,7.0,5.0,151.0,144.0,179.0,13.0,132.0,132.0,152.0,126.0,3.0,55.0,144.0,175.0,139.0
585,116.0,184.0,0.0,141.0,186.0,168.0,209.0,6.0,181.0,106.0,52.0,217.0,12.0,4.0,184.0,168.0,222.0,14.0,164.0,163.0,179.0,145.0,3.0,64.0,165.0,212.0,162.0
586,51.0,78.0,0.0,58.0,81.0,67.0,97.0,8.0,82.0,42.0,12.0,97.0,9.0,5.0,89.0,63.0,97.0,8.0,70.0,73.0,78.0,64.0,2.0,34.0,69.0,97.0,67.0
587,52.0,78.0,0.0,63.0,81.0,72.0,86.0,4.0,77.0,44.0,12.0,93.0,7.0,1.0,80.0,63.0,93.0,7.0,75.0,76.0,77.0,68.0,2.0,40.0,73.0,89.0,66.0
588,101.0,148.0,0.0,120.0,152.0,131.0,166.0,7.0,140.0,99.0,47.0,163.0,4.0,4.0,143.0,139.0,168.0,13.0,129.0,126.0,144.0,120.0,3.0,55.0,136.0,165.0,129.0
589,131.0,176.0,1.0,140.0,182.0,163.0,200.0,11.0,174.0,112.0,50.0,201.0,11.0,5.0,176.0,163.0,205.0,18.0,165.0,160.0,175.0,149.0,4.0,77.0,163.0,201.0,156.0
590,48.0,81.0,1.0,62.0,80.0,70.0,84.0,7.0,75.0,50.0,16.0,86.0,7.0,5.0,75.0,70.0,87.0,7.0,74.0,74.0,77.0,62.0,3.0,30.0,74.0,85.0,74.0
591,44.0,65.0,0.0,53.0,68.0,58.0,78.0,3.0,70.0,33.0,11.0,83.0,8.0,2.0,71.0,46.0,85.0,6.0,57.0,69.0,65.0,56.0,1.0,21.0,55.0,79.0,59.0
592,91.0,129.0,0.0,111.0,137.0,120.0,151.0,5.0,131.0,89.0,45.0,150.0,7.0,5.0,129.0,126.0,154.0,11.0,116.0,112.0,133.0,106.0,3.0,59.0,126.0,153.0,120.0
593,117.0,168.0,0.0,137.0,174.0,153.0,190.0,6.0,167.0,108.0,49.0,195.0,13.0,4.0,167.0,154.0,200.0,14.0,148.0,152.0,168.0,133.0,4.0,67.0,158.0,194.0,155.0
594,73.0,128.0,1.0,108.0,130.0,107.0,142.0,5.0,120.0,90.0,26.0,144.0,11.0,2.0,118.0,108.0,147.0,10.0,110.0,113.0,126.0,92.0,3.0,36.0,113.0,142.0,115.0
595,27.0,45.0,0.0,36.0,43.0,39.0,49.0,5.0,48.0,25.0,11.0,51.0,6.0,1.0,46.0,34.0,52.0,7.0,40.0,43.0,44.0,37.0,1.0,21.0,40.0,52.0,40.0
596,95.0,146.0,1.0,125.0,154.0,134.0,165.0,7.0,139.0,96.0,47.0,163.0,12.0,6.0,144.0,136.0,167.0,14.0,131.0,125.0,144.0,111.0,4.0,63.0,141.0,166.0,128.0
597,128.0,185.0,0.0,149.0,190.0,171.0,206.0,10.0,181.0,116.0,60.0,207.0,18.0,5.0,184.0,161.0,213.0,16.0,168.0,168.0,184.0,145.0,5.0,75.0,171.0,210.0,157.0
598,19.0,34.0,0.0,28.0,33.0,28.0,37.0,2.0,38.0,18.0,9.0,40.0,4.0,1.0,34.0,22.0,41.0,5.0,30.0,33.0,34.0,24.0,0.0,13.0,29.0,40.0,26.0
599,3.0,7.0,0.0,5.0,10.0,10.0,11.0,0.0,11.0,3.0,0.0,14.0,0.0,0.0,11.0,4.0,11.0,0.0,10.0,10.0,7.0,4.0,0.0,2.0,7.0,11.0,8.0
600,22.0,32.0,1.0,31.0,32.0,27.0,44.0,3.0,44.0,19.0,6.0,50.0,8.0,1.0,33.0,27.0,51.0,2.0,26.0,33.0,32.0,25.0,2.0,9.0,27.0,47.0,27.0
601,3.0,5.0,0.0,5.0,5.0,4.0,7.0,0.0,6.0,3.0,0.0,7.0,3.0,0.0,6.0,3.0,7.0,0.0,2.0,7.0,3.0,3.0,0.0,1.0,3.0,7.0,2.0
602,1.0,5.0,0.0,2.0,8.0,8.0,6.0,0.0,9.0,1.0,0.0,9.0,0.0,0.0,9.0,3.0,6.0,0.0,8.0,5.0,5.0,2.0,0.0,2.0,4.0,6.0,3.0
603,0.0,1.0,0.0,1.0,1.0,1.0,2.0,0.0,2.0,0.0,0.0,2.0,0.0,0.0,2.0,0.0,2.0,0.0,1.0,2.0,2.0,0.0,0.0,1.0,2.0,2.0,0.0
604,0.0,4.0,0.0,3.0,4.0,3.0,5.0,0.0,4.0,0.0,0.0,5.0,0.0,0.0,4.0,2.0,5.0,0.0,4.0,5.0,4.0,1.0,0.0,1.0,3.0,5.0,4.0
605,7.0,22.0,0.0,29.0,16.0,17.0,22.0,0.0,30.0,11.0,2.0,32.0,25.0,0.0,14.0,10.0,35.0,0.0,29.0,14.0,15.0,11.0,0.0,1.0,9.0,33.0,14.0
606,9.0,15.0,0.0,13.0,17.0,14.0,26.0,2.0,27.0,8.0,2.0,29.0,0.0,1.0,19.0,14.0,30.0,2.0,12.0,19.0,19.0,11.0,1.0,4.0,16.0,26.0,14.0
607,1.0,3.0,0.0,3.0,3.0,2.0,5.0,0.0,4.0,1.0,0.0,5.0,1.0,0.0,4.0,2.0,5.0,0.0,2.0,5.0,3.0,2.0,0.0,0.0,3.0,5.0,3.0
608,8.0,13.0,0.0,11.0,16.0,16.0,15.0,0.0,16.0,8.0,1.0,18.0,4.0,0.0,18.0,10.0,15.0,0.0,13.0,14.0,10.0,9.0,0.0,2.0,10.0,15.0,8.0
609,2.0,5.0,0.0,4.0,5.0,4.0,7.0,0.0,6.0,2.0,0.0,7.0,2.0,0.0,6.0,4.0,7.0,0.0,3.0,7.0,4.0,3.0,0.0,0.0,3.0,7.0,4.0
610,2.0,3.0,0.0,3.0,3.0,2.0,5.0,0.0,4.0,2.0,0.0,5.0,2.0,0.0,4.0,2.0,5.0,0.0,1.0,5.0,3.0,2.0,0.0,0.0,2.0,5.0,1.0
611,1.0,6.0,0.0,8.0,5.0,4.0,9.0,0.0,10.0,0.0,0.0,11.0,4.0,0.0,6.0,3.0,11.0,0.0,8.0,7.0,6.0,2.0,0.0,2.0,5.0,11.0,5.0
612,3.0,5.0,0.0,5.0,5.0,5.0,6.0,0.0,6.0,3.0,0.0,6.0,2.0,0.0,6.0,4.0,6.0,0.0,3.0,6.0,4.0,4.0,0.0,1.0,4.0,6.0,2.0
613,0.0,3.0,0.0,4.0,3.0,2.0,5.0,0.0,3.0,0.0,0.0,5.0,0.0,0.0,4.0,1.0,5.0,0.0,3.0,4.0,5.0,1.0,0.0,1.0,4.0,5.0,2.0
614,1.0,5.0,0.0,3.0,5.0,4.0,7.0,0.0,6.0,1.0,0.0,7.0,0.0,0.0,6.0,3.0,7.0,0.0,5.0,7.0,6.0,2.0,0.0,2.0,5.0,7.0,5.0
615,7.0,9.0,0.0,8.0,13.0,12.0,13.0,0.0,14.0,6.0,0.0,16.0,3.0,0.0,13.0,8.0,13.0,0.0,9.0,11.0,7.0,7.0,0.0,1.0,6.0,13.0,5.0
616,7.0,12.0,0.0,10.0,12.0,12.0,16.0,0.0,13.0,7.0,0.0,16.0,3.0,0.0,13.0,10.0,16.0,0.0,8.0,15.0,9.0,9.0,0.0,1.0,9.0,16.0,11.0
