mol,CID,Class,Model,pIC50,MW,AlogP,HBA,HBD,RB,HeavyAtomCount,ChiralCenterCount,ChiralCenterCountAllPossible,RingCount,PSA,Estate,MR,Polar,sLi_Key,ssBe_Key,ssssBem_Key,sBH2_Key,ssBH_Key,sssB_Key,ssssBm_Key,sCH3_Key,dCH2_Key,ssCH2_Key,tCH_Key,dsCH_Key,aaCH_Key,sssCH_Key,ddC_Key,tsC_Key,dssC_Key,aasC_Key,aaaC_Key,ssssC_Key,sNH3_Key,sNH2_Key,ssNH2_Key,dNH_Key,ssNH_Key,aaNH_Key,tN_Key,sssNH_Key,dsN_Key,aaN_Key,sssN_Key,ddsN_Key,aasN_Key,ssssN_Key,daaN_Key,sOH_Key,dO_Key,ssO_Key,aaO_Key,aOm_Key,sOm_Key,sF_Key,sSiH3_Key,ssSiH2_Key,sssSiH_Key,ssssSi_Key,sPH2_Key,ssPH_Key,sssP_Key,dsssP_Key,ddsP_Key,sssssP_Key,sSH_Key,dS_Key,ssS_Key,aaS_Key,dssS_Key,ddssS_Key,ssssssS_Key,Sm_Key,sCl_Key,sGeH3_Key,ssGeH2_Key,sssGeH_Key,ssssGe_Key,sAsH2_Key,ssAsH_Key,sssAs_Key,dsssAs_Key,ddsAs_Key,sssssAs_Key,sSeH_Key,dSe_Key,ssSe_Key,aaSe_Key,dssSe_Key,ssssssSe_Key,ddssSe_Key,sBr_Key,sSnH3_Key,ssSnH2_Key,sssSnH_Key,ssssSn_Key,sI_Key,sPbH3_Key,ssPbH2_Key,sssPbH_Key,ssssPb_Key,sLi_Cnt,ssBe_Cnt,ssssBem_Cnt,sBH2_Cnt,ssBH_Cnt,sssB_Cnt,ssssBm_Cnt,sCH3_Cnt,dCH2_Cnt,ssCH2_Cnt,tCH_Cnt,dsCH_Cnt,aaCH_Cnt,sssCH_Cnt,ddC_Cnt,tsC_Cnt,dssC_Cnt,aasC_Cnt,aaaC_Cnt,ssssC_Cnt,sNH3_Cnt,sNH2_Cnt,ssNH2_Cnt,dNH_Cnt,ssNH_Cnt,aaNH_Cnt,tN_Cnt,sssNH_Cnt,dsN_Cnt,aaN_Cnt,sssN_Cnt,ddsN_Cnt,aasN_Cnt,ssssN_Cnt,daaN_Cnt,sOH_Cnt,dO_Cnt,ssO_Cnt,aaO_Cnt,aOm_Cnt,sOm_Cnt,sF_Cnt,sSiH3_Cnt,ssSiH2_Cnt,sssSiH_Cnt,ssssSi_Cnt,sPH2_Cnt,ssPH_Cnt,sssP_Cnt,dsssP_Cnt,ddsP_Cnt,sssssP_Cnt,sSH_Cnt,dS_Cnt,ssS_Cnt,aaS_Cnt,dssS_Cnt,ddssS_Cnt,ssssssS_Cnt,Sm_Cnt,sCl_Cnt,sGeH3_Cnt,ssGeH2_Cnt,sssGeH_Cnt,ssssGe_Cnt,sAsH2_Cnt,ssAsH_Cnt,sssAs_Cnt,dsssAs_Cnt,ddsAs_Cnt,sssssAs_Cnt,sSeH_Cnt,dSe_Cnt,ssSe_Cnt,aaSe_Cnt,dssSe_Cnt,ssssssSe_Cnt,ddssSe_Cnt,sBr_Cnt,sSnH3_Cnt,ssSnH2_Cnt,sssSnH_Cnt,ssssSn_Cnt,sI_Cnt,sPbH3_Cnt,ssPbH2_Cnt,sssPbH_Cnt,ssssPb_Cnt,sLi_Sum,ssBe_Sum,ssssBem_Sum,sBH2_Sum,ssBH_Sum,sssB_Sum,ssssBm_Sum,sCH3_Sum,dCH2_Sum,ssCH2_Sum,tCH_Sum,dsCH_Sum,aaCH_Sum,sssCH_Sum,ddC_Sum,tsC_Sum,dssC_Sum,aasC_Sum,aaaC_Sum,ssssC_Sum,sNH3_Sum,sNH2_Sum,ssNH2_Sum,dNH_Sum,ssNH_Sum,aaNH_Sum,tN_Sum,sssNH_Sum,dsN_Sum,aaN_Sum,sssN_Sum,ddsN_Sum,aasN_Sum,ssssN_Sum,daaN_Sum,sOH_Sum,dO_Sum,ssO_Sum,aaO_Sum,aOm_Sum,sOm_Sum,sF_Sum,sSiH3_Sum,ssSiH2_Sum,sssSiH_Sum,ssssSi_Sum,sPH2_Sum,ssPH_Sum,sssP_Sum,dsssP_Sum,ddsP_Sum,sssssP_Sum,sSH_Sum,dS_Sum,ssS_Sum,aaS_Sum,dssS_Sum,ddssS_Sum,ssssssS_Sum,Sm_Sum,sCl_Sum,sGeH3_Sum,ssGeH2_Sum,sssGeH_Sum,ssssGe_Sum,sAsH2_Sum,ssAsH_Sum,sssAs_Sum,dsssAs_Sum,ddsAs_Sum,sssssAs_Sum,sSeH_Sum,dSe_Sum,ssSe_Sum,aaSe_Sum,dssSe_Sum,ssssssSe_Sum,ddssSe_Sum,sBr_Sum,sSnH3_Sum,ssSnH2_Sum,sssSnH_Sum,ssssSn_Sum,sI_Sum,sPbH3_Sum,ssPbH2_Sum,sssPbH_Sum,ssssPb_Sum,sLi_Avg,ssBe_Avg,ssssBem_Avg,sBH2_Avg,ssBH_Avg,sssB_Avg,ssssBm_Avg,sCH3_Avg,dCH2_Avg,ssCH2_Avg,tCH_Avg,dsCH_Avg,aaCH_Avg,sssCH_Avg,ddC_Avg,tsC_Avg,dssC_Avg,aasC_Avg,aaaC_Avg,ssssC_Avg,sNH3_Avg,sNH2_Avg,ssNH2_Avg,dNH_Avg,ssNH_Avg,aaNH_Avg,tN_Avg,sssNH_Avg,dsN_Avg,aaN_Avg,sssN_Avg,ddsN_Avg,aasN_Avg,ssssN_Avg,daaN_Avg,sOH_Avg,dO_Avg,ssO_Avg,aaO_Avg,aOm_Avg,sOm_Avg,sF_Avg,sSiH3_Avg,ssSiH2_Avg,sssSiH_Avg,ssssSi_Avg,sPH2_Avg,ssPH_Avg,sssP_Avg,dsssP_Avg,ddsP_Avg,sssssP_Avg,sSH_Avg,dS_Avg,ssS_Avg,aaS_Avg,dssS_Avg,ddssS_Avg,ssssssS_Avg,Sm_Avg,sCl_Avg,sGeH3_Avg,ssGeH2_Avg,sssGeH_Avg,ssssGe_Avg,sAsH2_Avg,ssAsH_Avg,sssAs_Avg,dsssAs_Avg,ddsAs_Avg,sssssAs_Avg,sSeH_Avg,dSe_Avg,ssSe_Avg,aaSe_Avg,dssSe_Avg,ssssssSe_Avg,ddssSe_Avg,sBr_Avg,sSnH3_Avg,ssSnH2_Avg,sssSnH_Avg,ssssSn_Avg,sI_Avg,sPbH3_Avg,ssPbH2_Avg,sssPbH_Avg,ssssPb_Avg,First Zagreb (ZM1),First Zagreb index by valence vertex degrees (ZM1V),Second Zagreb (ZM2),Second Zagreb index by valence vertex degrees (ZM2V),Polarity (Pol),Narumi Simple Topological (NST),Narumi Harmonic Topological (NHT),Narumi Geometric Topological (NGT),Total structure connectivity (TSC),Wiener (W),Mean Wiener (MW),Xu (Xu),Quadratic (QIndex),Radial centric (RC),Mean Square Distance Balaban (MSDB),Superpendentic (SP),Harary (Har),Log of product of row sums (LPRS),Pogliani (Pog),Schultz Molecular Topological (SMT),Schultz Molecular Topological by valence vertex degrees (SMTV),Mean Distance Degree Deviation (MDDD),Ramification (Ram),Gutman Molecular Topological (GMT),Gutman MTI by valence vertex degrees (GMTV),Average vertex distance degree (AVDD),Unipolarity (UP),Centralization (CENT),Variation (VAR),Molecular electrotopological variation (MEV),Maximal electrotopological positive variation (MEPV),Maximal electrotopological negative variation (MENV),Eccentric connectivity (ECCc),Eccentricity (ECC),Average eccentricity (AECC),Eccentric (DECC),Valence connectivity index chi-0 (vX0),Valence connectivity index chi-1 (vX1),Valence connectivity index chi-2 (vX2),Valence connectivity index chi-3 (vX3),Valence connectivity index chi-4 (vX4),Valence connectivity index chi-5 (vX5),Average valence connectivity index chi-0 (AvX0),Average valence connectivity index chi-1 (AvX1),Average valence connectivity index chi-2 (AvX2),Average valence connectivity index chi-3 (AvX3),Average valence connectivity index chi-4 (AvX4),Average valence connectivity index chi-5 (AvX5),Quasi Wiener (QW),First Mohar (FM),Second Mohar (SM),Spanning tree number (STN),Kier benzene-likeliness index (KBLI),Topological charge index of order 1 (TCI1),Topological charge index of order 2 (TCI2),Topological charge index of order 3 (TCI3),Topological charge index of order 4 (TCI4),Topological charge index of order 5 (TCI5),Topological charge index of order 6 (TCI6),Topological charge index of order 7 (TCI7),Topological charge index of order 8 (TCI8),Topological charge index of order 9 (TCI9),Topological charge index of order 10 (TCI10),Mean topological charge index of order 1 (MTCI1),Mean topological charge index of order 2 (MTCI2),Mean topological charge index of order 3 (MTCI3),Mean topological charge index of order 4 (MTCI4),Mean topological charge index of order 5 (MTCI5),Mean topological charge index of order 6 (MTCI6),Mean topological charge index of order 7 (MTCI7),Mean topological charge index of order 8 (MTCI8),Mean topological charge index of order 9 (MTCI9),Mean topological charge index of order 10 (MTCI10),Global topological charge (GTC),Hyper-distance-path index (HDPI),Reciprocal hyper-distance-path index (RHDPI),Square reciprocal distance sum (SRDS),Modified Randic connectivity (MRC),Balaban centric (BC),Lopping centric (LC),Kier Hall electronegativity (KHE),Sum of topological distances between N..N (STD(N N)),Sum of topological distances between N..O (STD(N O)),Sum of topological distances between N..S (STD(N S)),Sum of topological distances between N..P (STD(N P)),Sum of topological distances between N..F (STD(N F)),Sum of topological distances between N..Cl (STD(N Cl)),Sum of topological distances between N..Br (STD(N Br)),Sum of topological distances between N..I (STD(N I)),Sum of topological distances between O..O (STD(O O)),Sum of topological distances between O..S (STD(O S)),Sum of topological distances between O..P (STD(O P)),Sum of topological distances between O..F (STD(O F)),Sum of topological distances between O..Cl (STD(O Cl)),Sum of topological distances between O..Br (STD(O Br)),Sum of topological distances between O..I (STD(O I)),Sum of topological distances between S..S (STD(S S)),Sum of topological distances between S..P (STD(S P)),Sum of topological distances between S..F (STD(S F)),Sum of topological distances between S..Cl (STD(S Cl)),Sum of topological distances between S..Br (STD(S Br)),Sum of topological distances between S..I (STD(S I)),Sum of topological distances between P..P (STD(P P)),Sum of topological distances between P..F (STD(P F)),Sum of topological distances between P..Cl (STD(P Cl)),Sum of topological distances between P..Br (STD(P Br)),Sum of topological distances between P..I (STD(P I)),Sum of topological distances between F..F (STD(F F)),Sum of topological distances between F..Cl (STD(F Cl)),Sum of topological distances between F..Br (STD(F Br)),Sum of topological distances between F..I (STD(F I)),Sum of topological distances between Cl..Cl (STD(Cl Cl)),Sum of topological distances between Cl..Br (STD(Cl Br)),Sum of topological distances between Cl..I (STD(Cl I)),Sum of topological distances between Br..Br (STD(Br Br)),Sum of topological distances between Br..I (STD(Br I)),Sum of topological distances between I..I (STD(I I)),Wiener-type index from Z weighted distance matrix - Barysz matrix (WhetZ),Wiener-type index from electronegativity weighted distance matrix (Whete),Wiener-type index from mass weighted distance matrix (Whetm),Wiener-type index from van der waals weighted distance matrix (Whetv),Wiener-type index from polarizability weighted distance matrix (Whetp),Balaban-type index from Z weighted distance matrix - Barysz matrix (JhetZ),Balaban-type index from electronegativity weighted distance matrix (Jhete),Balaban-type index from mass weighted distance matrix (Jhetm),Balaban-type index from van der waals weighted distance matrix (Jhetv),Balaban-type index from polarizability weighted distance matrix (Jhetp),Topological diameter (TD),Topological radius (TR),Petitjean 2D shape (PJ2DS),Balaban distance connectivity index (J),Solvation connectivity index chi-0 (SCIX0),Solvation connectivity index chi-1 (SCIX1),Solvation connectivity index chi-2 (SCIX2),Solvation connectivity index chi-3 (SCIX3),Solvation connectivity index chi-4 (SCIX4),Solvation connectivity index chi-5 (SCIX5),Connectivity index chi-0 (CIX0),Connectivity chi-1 [Randic connectivity] (CIX1),Connectivity index chi-2 (CIX2),Connectivity index chi-3 (CIX3),Connectivity index chi-4 (CIX4),Connectivity index chi-5 (CIX5),Average connectivity index chi-0 (ACIX0),Average connectivity index chi-1 (ACIX1),Average connectivity index chi-2 (ACIX2),Average connectivity index chi-3 (ACIX3),Average connectivity index chi-4 (ACIX4),Average connectivity index chi-5 (ACIX5),reciprocal distance Randic-type index (RDR),reciprocal distance square Randic-type index (RDSR),1-path Kier alpha-modified shape index (KAMS1),2-path Kier alpha-modified shape index (KAMS2),3-path Kier alpha-modified shape index (KAMS3),Kier flexibility (KF),path/walk 2 - Randic shape index (RSIpw2),path/walk 3 - Randic shape index (RSIpw3),path/walk 4 - Randic shape index (RSIpw4),path/walk 5 - Randic shape index (RSIpw5),E-state topological parameter (ETP),Ring Count 3 (RNGCNT3),Ring Count 4 (RNGCNT4),Ring Count 5 (RNGCNT5),Ring Count 6 (RNGCNT6),Ring Count 7 (RNGCNT7),Ring Count 8 (RNGCNT8),Ring Count 9 (RNGCNT9),Ring Count 10 (RNGCNT10),Ring Count 11 (RNGCNT11),Ring Count 12 (RNGCNT12),Ring Count 13 (RNGCNT13),Ring Count 14 (RNGCNT14),Ring Count 15 (RNGCNT15),Ring Count 16 (RNGCNT16),Ring Count 17 (RNGCNT17),Ring Count 18 (RNGCNT18),Ring Count 19 (RNGCNT19),Ring Count 20 (RNGCNT20),Atom Count (ATMCNT),Bond Count (BNDCNT),Atoms in Ring System (ATMRNGCNT),Bonds in Ring System (BNDRNGCNT),Cyclomatic number (CYCLONUM),Number of ring systems (NRS),Normalized number of ring systems (NNRS),Ring Fusion degree (RFD),Ring perimeter (RNGPERM),Ring bridge count (RNGBDGE),Molecule cyclized degree (MCD),Ring Fusion density (RFDELTA),Ring complexity index (RCI),Van der Waals surface area (VSA),MR1 (MR1),MR2 (MR2),MR3 (MR3),MR4 (MR4),MR5 (MR5),MR6 (MR6),MR7 (MR7),MR8 (MR8),ALOGP1 (ALOGP1),ALOGP2 (ALOGP2),ALOGP3 (ALOGP3),ALOGP4 (ALOGP4),ALOGP5 (ALOGP5),ALOGP6 (ALOGP6),ALOGP7 (ALOGP7),ALOGP8 (ALOGP8),ALOGP9 (ALOGP9),ALOGP10 (ALOGP10),PEOE1 (PEOE1),PEOE2 (PEOE2),PEOE3 (PEOE3),PEOE4 (PEOE4),PEOE5 (PEOE5),PEOE6 (PEOE6),PEOE7 (PEOE7),PEOE8 (PEOE8),PEOE9 (PEOE9),PEOE10 (PEOE10),PEOE11 (PEOE11),PEOE12 (PEOE12),PEOE13 (PEOE13),PEOE14 (PEOE14),canvasUID
S1(=O)(=O)N(CCCC1)c1cc(cc(NCC)c1)C(=O)NC(Cc1ccccc1)C(O)C[NH2+]C1CCCc2c1cccc2,BACE_206,1,Valid,,591.78387,3.1677001,3,4,11,42,0,4,5,123.73,93.584999,166.7869,75.875,0,0,0,0,0,0,0,1,0,1,0,0,1,1,0,0,1,1,0,0,0,0,1,0,1,0,0,0,0,0,1,0,0,0,0,1,1,0,0,0,0,0,0,0,0,0,0,0,0,0,0,0,0,0,0,0,0,1,0,0,0,0,0,0,0,0,0,0,0,0,0,0,0,0,0,0,0,0,0,0,0,0,0,0,0,0,0,0,0,0,0,0,0,0,0,1,0,10,0,0,12,3,0,0,1,6,0,0,0,0,1,0,2,0,0,0,0,0,1,0,0,0,0,1,3,0,0,0,0,0,0,0,0,0,0,0,0,0,0,0,0,0,0,0,0,1,0,0,0,0,0,0,0,0,0,0,0,0,0,0,0,0,0,0,0,0,0,0,0,0,0,0,0,0,0,0,0,0,0,0,0,0,0,4.6279001,0,27.579901,0,0,47.9016,5.0254002,0,0,1.3431,16.091499,0,0,0,0,5.4507999,0,12.3759,0,0,0,0,0,3.4821999,0,0,0,0,18.3806,53.352299,0,0,0,0,0,0,0,0,0,0,0,0,0,0,0,0,0,0,0,0,-2.5955,0,0,0,0,0,0,0,0,0,0,0,0,0,0,0,0,0,0,0,0,0,0,0,0,0,0,0,0,0,0,0,0,0,0,0,0,0,4.6279001,0,2.7579999,0,0,3.9918001,1.6751,0,0,1.3431,2.6819,0,0,0,0,5.4507999,0,6.1880002,0,0,0,0,0,3.4821999,0,0,0,0,18.3806,17.7841,0,0,0,0,0,0,0,0,0,0,0,0,0,0,0,0,0,0,0,0,-2.5955,0,0,0,0,0,0,0,0,0,0,0,0,0,0,0,0,0,0,0,0,0,0,0,0,0,0,0,0,0,0,220,487.02368,257,430.92307,68,30.799709,1.9610895,2.0819948,0.18018834,6350,7.375145,37.114769,29,3.0446184,0.20133491,1486.9596,191.30824,239.13269,88.666664,27535,39954.922,48.857143,13,29262,61321.078,302.38095,206,4048,206,52.511875,6.7530603,5.2108374,1221,564,13.428572,1.9319727,24.634951,15.760597,12.136864,9.0397177,6.7727385,3.8734014,0.58654648,0.34262168,0.1896385,0.10891226,0.063296624,0.03521274,5479.4048,432.96658,5.8184915,7560,1.0278651,8.5,4.8888888,2.875,2.3733332,1.7222222,1.1820408,0.703125,0.6366843,0.51249999,0.33476174,0.18478261,0.076388888,0.042279411,0.036512822,0.025704809,0.016886298,0.010044643,0.0096467314,0.0076492536,0.0048516197,0.40989548,33225,102.55053,191.30824,134.21147,0,0,21.777779,36,92,22,0,0,0,0,0,41,17,0,0,0,0,0,0,0,0,0,0,0,0,0,0,0,0,0,0,0,0,0,0,0,0,0,0,5230.2158,5378.3442,5230.999,6796.2324,7042.29,1.4878426,1.4497825,1.4876167,1.1491584,1.1068958,17,9,0.8888889,1.2326249,29.778522,21.156782,19.694321,16.196936,13.606778,9.0061874,29.528522,20.335669,18.389635,15.094474,12.590296,8.3786469,0.70306003,0.44207975,0.28733805,0.18186113,0.11766632,0.076169513,4.9915476,431.35471,33.851601,16.362087,13.807848,13.187687,0.57723922,0.33661988,0.18371329,0.10235958,93.138885,0,0,0,5,0,0,0,0,0,0,0,0,0,0,0,0,0,0,42,46,28,29,5,4,0.80000001,1.25,54,-25,0.66666669,-1.7857143,0.14285715,741.3075,1.7809315,0,0,0,0,0,0,739.52655,68.646378,119.82863,119.12807,0,10.296313,9.3687267,0,0,0,414.03937,18.41943,24.717337,6.7790017,33.175568,0,87.525703,59.170609,266.952,165.00269,39.02158,0,15.87979,0,24.663788,206
Fc1cc(F)ccc1C12N=C(OC1CCN(C2)c1ncccc1C#N)N,BACE_207,1,Valid,,355.3414,2.7602,4,0,3,26,0,2,4,87.529999,69.084999,90.657997,40.773998,0,0,0,0,0,0,0,0,0,1,0,0,1,1,0,1,1,1,0,1,0,1,0,0,0,0,1,0,1,1,1,0,0,0,0,0,0,1,0,0,0,1,0,0,0,0,0,0,0,0,0,0,0,0,0,0,0,0,0,0,0,0,0,0,0,0,0,0,0,0,0,0,0,0,0,0,0,0,0,0,0,0,0,0,0,0,0,0,0,0,0,0,0,0,0,0,0,3,0,0,6,1,0,1,1,5,0,1,0,1,0,0,0,0,1,0,1,1,1,0,0,0,0,0,0,1,0,0,0,2,0,0,0,0,0,0,0,0,0,0,0,0,0,0,0,0,0,0,0,0,0,0,0,0,0,0,0,0,0,0,0,0,0,0,0,0,0,0,0,0,0,0,0,0,0,0,0,0,0,0,0,0,0,0,0,6.0124998,0,0,15.9796,0.78890002,0,2.9881999,0.98110002,4.3079,0,-0.099200003,0,8.8691998,0,0,0,0,10.8826,0,6.1529002,5.8404999,3.5174999,0,0,0,0,0,0,7.7895999,0,0,0,33.0951,0,0,0,0,0,0,0,0,0,0,0,0,0,0,0,0,0,0,0,0,0,0,0,0,0,0,0,0,0,0,0,0,0,0,0,0,0,0,0,0,0,0,0,0,0,0,0,0,0,0,0,0,0,0,0,2.0042,0,0,2.6633,0.78890002,0,2.9881999,0.98110002,0.86159998,0,-0.099200003,0,8.8691998,0,0,0,0,10.8826,0,6.1529002,5.8404999,3.5174999,0,0,0,0,0,0,7.7895999,0,0,0,16.5476,0,0,0,0,0,0,0,0,0,0,0,0,0,0,0,0,0,0,0,0,0,0,0,0,0,0,0,0,0,0,0,0,0,0,0,0,0,0,0,0,0,0,0,0,0,0,144,446,176,426,47,19.186106,1.9378881,2.0915954,0.22830035,1507,4.6369233,24.203472,23,2.4933598,0.20445916,146.48209,102.81555,123.05578,58.5,6606,12473,19.455622,10,6828,23958,115.92308,78,986,86,43.762451,6.5778971,2.3746042,480,222,8.5384617,1.2307693,13.693154,8.1090069,6.3015604,4.8026814,3.5872395,2.178225,0.52665979,0.27962092,0.14654793,0.078732483,0.043219753,0.022226786,1113.6666,105.6305,2.860374,1044,0.83886278,6.5,4,2.8541667,1.64,1.3894445,0.82857144,0.54347366,0.25296831,0.139375,0.053667992,0.22413793,0.093023255,0.060726952,0.034893617,0.032312661,0.021804512,0.016468897,0.010118732,0.010721154,0.010733598,0.50420773,5169,62.825974,102.81555,79.785767,0,0,14.75,48,22,0,0,72,0,0,0,0,0,0,12,0,0,0,0,0,0,0,0,0,0,0,0,0,0,4,0,0,0,0,0,0,0,0,0,1200.369,1202.6672,1198.8596,1614.1315,1736.653,1.9453846,1.9420779,1.9470561,1.470376,1.3747684,11,6,0.83333331,1.5719647,18.31119,12.530843,11.63528,10.024301,8.8008728,6.3565426,18.31119,12.530843,11.63528,10.024301,8.8008728,6.1008,0.70427656,0.432098,0.27058789,0.16433279,0.10603461,0.0656,3.5786128,239.58742,19.209742,7.71771,5.9379439,5.7021236,0.58928573,0.36170694,0.21248512,0.12045406,69.083336,0,0,1,3,0,0,0,0,0,0,0,0,0,0,0,0,0,0,26,29,21,23,4,2,0.5,2,44,-21,0.80769229,-2,0.095238097,373.98328,0,0,0,0,0,0,0,373.98328,31.206062,37.363598,57.722984,20.673861,32.807827,11.360349,0,0,42.576694,140.27191,9.7519655,13.558003,54.69902,18.28244,0,8.5799971,30.189354,100.81554,77.978645,50.369282,0,9.7590303,0,0,207
Brc1scc(-c2cn[nH]c2)c1CC(NC1=[NH+]C(Cc2c1ccc(Cl)c2)(C)C)C(=O)[O-],BACE_208,1,Valid,,507.83109,1.7252001,1,2,6,30,0,1,4,123.05,69.279999,119.5301,54.785,0,0,0,0,0,0,0,1,0,1,0,0,1,1,0,0,1,1,0,1,0,0,0,0,1,1,0,0,0,1,0,0,0,0,0,0,0,0,0,1,1,0,0,0,0,0,0,0,0,0,0,0,0,0,0,1,0,0,0,0,1,0,0,0,0,0,0,0,0,0,0,0,0,0,0,0,0,0,1,0,0,0,0,0,0,0,0,0,0,0,0,0,0,0,0,2,0,2,0,0,6,1,0,0,2,7,0,1,0,0,0,0,1,1,0,0,0,1,0,0,0,0,0,0,0,0,0,1,1,0,0,0,0,0,0,0,0,0,0,0,0,0,0,1,0,0,0,0,1,0,0,0,0,0,0,0,0,0,0,0,0,0,0,0,0,0,1,0,0,0,0,0,0,0,0,0,0,0,0,0,0,0,0,9.8150997,0,4.5091,0,0,19.6031,0.25580001,0,0,2.0574,14.2168,0,1.8733,0,0,0,0,5.6641002,4.2877998,0,0,0,5.3671999,0,0,0,0,0,0,0,0,0,14.663,19.844999,0,0,0,0,0,0,0,0,0,0,0,0,0,0,2.2832999,0,0,0,0,7.855,0,0,0,0,0,0,0,0,0,0,0,0,0,0,0,0,0,4,0,0,0,0,0,0,0,0,0,0,0,0,0,0,0,0,4.9075999,0,2.2546,0,0,3.2672,0.25580001,0,0,1.0287,2.0309999,0,1.8733,0,0,0,0,5.6641002,4.2877998,0,0,0,5.3671999,0,0,0,0,0,0,0,0,0,14.663,19.844999,0,0,0,0,0,0,0,0,0,0,0,0,0,0,2.2832999,0,0,0,0,7.855,0,0,0,0,0,0,0,0,0,0,0,0,0,0,0,0,0,4,0,0,0,0,0,0,0,0,0,164,379.11661,194,386.81482,47,21.383331,1.8652849,2.039649,0.21625309,2389,5.4919538,27.771828,25,2.6397817,0.21057396,1544.0117,122.15562,151.6304,64.083336,10376,15665.223,23.164444,12,10821,24175.379,159.26666,111,1448,106,32.185223,5.069725,2.8338549,664,307,10.233334,1.3666667,16.383553,9.3968382,7.9708257,5.0955954,3.4864888,2.352463,0.54611844,0.28475267,0.16266991,0.080882467,0.044698574,0.023063364,1989.0571,164.66483,4.494276,875,0.854258,8,4,2.5972223,2.133889,1.5383333,1.0522902,0.56770831,0.53892666,0.27657408,0.16630547,0.24242425,0.081632651,0.055260047,0.04445602,0.030766666,0.021045804,0.013516865,0.014565586,0.0079021165,0.00755934,0.51156998,9585,71.702194,122.15562,104.424,0,0,14.986111,35,48,22,0,0,38,24,0,2,12,0,0,18,12,0,0,0,0,11,2,0,0,0,0,0,0,0,0,0,0,0,11,0,0,0,0,1920.4082,1966.6904,1919.6445,2375.498,2469.2136,1.7905251,1.756243,1.7909946,1.4521717,1.3953658,13,7,0.85714287,1.4548109,23.319445,15.552134,16.041685,12.655602,9.7606401,8.6913862,21.465891,14.231984,14.077082,10.903203,8.3899984,6.3539648,0.71552968,0.43127224,0.28728738,0.17306672,0.10756409,0.069064841,3.9494138,279.68152,24.847078,10.557509,10.697269,8.7441082,0.59964287,0.33764532,0.18381731,0.11318196,69.777779,0,0,2,2,0,0,0,0,0,0,0,0,0,0,0,0,0,0,30,33,20,22,4,2,0.5,2,42,-20,0.66666669,-2,0.1,470.09726,30.381344,0,0,0,0,0,0,439.71591,59.641411,27.267641,115.01328,29.222477,11.562713,1.9169697,0,0,-0.81830543,226.29108,43.075066,7.8613849,12.023616,11.530024,15.935058,26.907076,67.78376,156.52406,94.253555,10.035862,4.7845087,0,7.0513902,12.331894,208
O=C1Nc2c(cccc2)C12CC[NH2+]C2,BACE_209,1,Valid,,189.2337,-0.76440001,1,2,0,14,0,1,3,45.709999,30.250999,51.5793,24.5,0,0,0,0,0,0,0,0,0,1,0,0,1,0,0,0,1,1,0,1,0,0,1,0,1,0,0,0,0,0,0,0,0,0,0,0,1,0,0,0,0,0,0,0,0,0,0,0,0,0,0,0,0,0,0,0,0,0,0,0,0,0,0,0,0,0,0,0,0,0,0,0,0,0,0,0,0,0,0,0,0,0,0,0,0,0,0,0,0,0,0,0,0,0,0,0,0,3,0,0,4,0,0,0,1,2,0,1,0,0,1,0,1,0,0,0,0,0,0,0,0,0,0,0,1,0,0,0,0,0,0,0,0,0,0,0,0,0,0,0,0,0,0,0,0,0,0,0,0,0,0,0,0,0,0,0,0,0,0,0,0,0,0,0,0,0,0,0,0,0,0,0,0,0,0,0,0,0,0,0,0,0,0,0,0,8.0804996,0,0,13.9793,0,0,0,1.2829,4.5474,0,0.9332,0,0,4.5867,0,4.6995001,0,0,0,0,0,0,0,0,0,0,0,14.9339,0,0,0,0,0,0,0,0,0,0,0,0,0,0,0,0,0,0,0,0,0,0,0,0,0,0,0,0,0,0,0,0,0,0,0,0,0,0,0,0,0,0,0,0,0,0,0,0,0,0,0,0,0,0,0,0,0,0,0,0,2.6935,0,0,3.4948001,0,0,0,1.2829,2.2737,0,0.9332,0,0,4.5867,0,4.6995001,0,0,0,0,0,0,0,0,0,0,0,14.9339,0,0,0,0,0,0,0,0,0,0,0,0,0,0,0,0,0,0,0,0,0,0,0,0,0,0,0,0,0,0,0,0,0,0,0,0,0,0,0,0,0,0,0,0,0,0,0,0,0,0,0,80,173,100,187,23,10.920456,2.074074,2.1815434,0.30260745,257,2.8241758,13.457269,15,1.8092,0.23037644,6.6332498,42.099998,50.2188,30,1226,1893,5.6734695,5,1226,2790,36.714287,26,150,21,11.41625,4.9241667,1.479213,146,66,4.7142859,0.75510204,7.9163198,5.0550776,4.1132894,3.393518,2.0902784,1.6454215,0.56545144,0.31594235,0.17138705,0.094264388,0.04976853,0.03047077,167.68965,19.449299,1.2715282,145,0.9478271,3,2.4444444,1.5416666,0.49000001,0.19833332,0.024444442,0,0,0,0,0.1875,0.10185185,0.067028984,0.027222222,0.024791665,0.012222221,0,0,0,0,0.42061695,568,30.261906,42.099998,42.454403,0,0,7,4,6,0,0,0,0,0,0,0,0,0,0,0,0,0,0,0,0,0,0,0,0,0,0,0,0,0,0,0,0,0,0,0,0,0,0,212.16072,212.27426,212.18086,243.26042,251.26434,2.2517564,2.2506292,2.2515616,1.9959852,1.9408098,6,3,1,1.876737,9.5960121,6.8281336,6.2280498,5.8197336,4.425611,3.650986,9.5960121,6.8281336,6.2280498,5.8197336,4.425611,3.0349481,0.68542939,0.42675835,0.25950208,0.16165927,0.10537168,0.068976097,2.6020346,99.862785,9.2421875,3.25,2.994329,2.1455078,0.59115648,0.38194582,0.22395289,0.12070664,30.25,0,0,2,1,0,0,0,0,0,0,0,0,0,0,0,0,0,0,14,16,13,15,3,1,0.33333334,3,29,-14,0.9285714,-2.1538463,0.07692308,228.90294,1.7809315,0,0,0,0,0,0,227.12201,25.674337,26.486553,60.618156,0,2.646255,0,0,4.6843634,0,108.79327,1.7809315,17.938335,6.5213032,0,0,25.739992,11.226253,31.048609,99.801132,2.2024248,0,7.9801702,0,24.663788,209
S(=O)(=O)(N(C)c1cc(cc(c1)C(=O)NC(Cc1ccccc1)C(O)Cn1nccc1)C(=O)NC(C)c1ccc(F)cc1)C,BACE_210,1,Valid,,607.69562,2.7802999,5,3,12,43,0,4,4,142.00999,111.252,162.36011,75.027,0,0,0,0,0,0,0,1,0,1,0,0,1,1,0,0,1,1,0,0,0,0,0,0,1,0,0,0,0,1,1,0,1,0,0,1,1,0,0,0,0,1,0,0,0,0,0,0,0,0,0,0,0,0,0,0,0,1,0,0,0,0,0,0,0,0,0,0,0,0,0,0,0,0,0,0,0,0,0,0,0,0,0,0,0,0,0,0,0,0,0,0,0,0,0,3,0,2,0,0,15,3,0,0,2,6,0,0,0,0,0,0,2,0,0,0,0,1,1,0,1,0,0,1,4,0,0,0,0,1,0,0,0,0,0,0,0,0,0,0,0,0,0,0,0,1,0,0,0,0,0,0,0,0,0,0,0,0,0,0,0,0,0,0,0,0,0,0,0,0,0,0,0,0,0,0,0,0,0,0,0,0,0,11.195,0,4.2251,0,0,50.056,2.6861999,0,0,1.6367,9.9167995,0,0,0,0,0,0,10.9381,0,0,0,0,6.1459999,2.8527999,0,3.2897999,0,0,16.8673,67.843498,0,0,0,0,16.512501,0,0,0,0,0,0,0,0,0,0,0,0,0,0,0,-2.9619,0,0,0,0,0,0,0,0,0,0,0,0,0,0,0,0,0,0,0,0,0,0,0,0,0,0,0,0,0,0,0,0,0,0,0,0,0,3.7316999,0,2.1125,0,0,3.3371,0.89539999,0,0,0.81840003,1.6528,0,0,0,0,0,0,5.4689999,0,0,0,0,6.1459999,2.8527999,0,3.2897999,0,0,16.8673,16.960899,0,0,0,0,16.512501,0,0,0,0,0,0,0,0,0,0,0,0,0,0,0,-2.9619,0,0,0,0,0,0,0,0,0,0,0,0,0,0,0,0,0,0,0,0,0,0,0,0,0,0,0,0,0,0,222,626.02368,255,531.76923,65,29.531199,1.8233216,1.9872903,0.18401764,6771,7.4983387,37.842354,28,3.2329423,0.19977342,143330.56,196.10156,246.44696,93.666664,28532,48564.691,54.76582,15,29481,85018.383,314.93024,213,4383,256,72.470421,6.6563387,5.4591422,1265,599,13.930233,2.2141697,24.313437,14.237087,11.047967,7.4748726,4.5165472,2.7438877,0.56542879,0.30950189,0.16996872,0.094618641,0.049632389,0.026132263,5980,350.30093,5.5500059,1080,0.92850572,11,5.3333335,2.7222223,2.6616666,2.1041667,1.3543764,0.9392007,0.82314503,0.65939045,0.55126411,0.23913044,0.082051285,0.041880343,0.041588541,0.029224537,0.017820742,0.012357904,0.010975267,0.0087918723,0.0079893349,0.48382092,35928,103.62517,196.10156,137.42957,0,0,24.277779,66,165,34,0,62,0,0,0,70,23,0,61,0,0,0,0,0,12,0,0,0,0,0,0,0,0,0,0,0,0,0,0,0,0,0,0,5430.7324,5552.3862,5430.1216,7108.792,7426.5186,1.7801875,1.7441345,1.7802335,1.3729234,1.3146029,18,9,1,1.4363486,31.39769,21.295244,20.839224,15.928753,11.216472,8.2816019,31.14769,20.400906,19.428541,15.127889,10.794877,7.4985003,0.72436488,0.44349796,0.29890063,0.19149226,0.11862502,0.074985005,4.9667144,434.80411,36.280224,17.0196,16.208124,14.359882,0.59144521,0.33053389,0.16022696,0.091837429,110.80556,0,0,1,3,0,0,0,0,0,0,0,0,0,0,0,0,0,0,43,46,23,23,4,4,1,1,42,-19,0.53488374,-1.6521739,0.17391305,708.71765,62.447239,0,0,0,0,0,0,646.27045,39.211704,99.066643,132.77383,84.291031,10.007607,10.364537,0,0,17.775217,315.22711,16.638498,37.664013,31.33322,44.705593,0,60.059982,71.242546,175.97527,221.54524,25.982058,0,23.571255,0,0,210
S(=O)(=O)(N(C)c1cc(cc(c1)C(=O)NC(Cc1ccccc1)C(O)Cn1nnc(c1)C(=O)C)C(=O)NC(C)c1ccc(F)cc1)C,BACE_211,1,Valid,,650.72028,2.7695999,7,3,13,46,0,4,4,171.97,122.586,170.84351,77.529999,0,0,0,0,0,0,0,1,0,1,0,0,1,1,0,0,1,1,0,0,0,0,0,0,1,0,0,0,0,1,1,0,1,0,0,1,1,0,0,0,0,1,0,0,0,0,0,0,0,0,0,0,0,0,0,0,0,1,0,0,0,0,0,0,0,0,0,0,0,0,0,0,0,0,0,0,0,0,0,0,0,0,0,0,0,0,0,0,0,0,0,0,0,0,0,4,0,2,0,0,13,3,0,0,3,7,0,0,0,0,0,0,2,0,0,0,0,2,1,0,1,0,0,1,5,0,0,0,0,1,0,0,0,0,0,0,0,0,0,0,0,0,0,0,0,1,0,0,0,0,0,0,0,0,0,0,0,0,0,0,0,0,0,0,0,0,0,0,0,0,0,0,0,0,0,0,0,0,0,0,0,0,0,14.4777,0,3.8896999,0,0,42.898998,2.3524001,0,0,2.3336,10.8549,0,0,0,0,0,0,10.8713,0,0,0,0,10.939,2.8276,0,2.9532001,0,0,16.961399,82.796799,0,0,0,0,16.552,0,0,0,0,0,0,0,0,0,0,0,0,0,0,0,-3.0002,0,0,0,0,0,0,0,0,0,0,0,0,0,0,0,0,0,0,0,0,0,0,0,0,0,0,0,0,0,0,0,0,0,0,0,0,0,3.6194,0,1.9448,0,0,3.2999001,0.7841,0,0,0.77789998,1.5506999,0,0,0,0,0,0,5.4356999,0,0,0,0,5.4695001,2.8276,0,2.9532001,0,0,16.961399,16.559401,0,0,0,0,16.552,0,0,0,0,0,0,0,0,0,0,0,0,0,0,0,-3.0002,0,0,0,0,0,0,0,0,0,0,0,0,0,0,0,0,0,0,0,0,0,0,0,0,0,0,0,0,0,0,238,702.02368,274,599.76923,71,31.035275,1.7864077,1.9634044,0.1795032,8205,7.927536,39.9618,30,3.3192122,0.19763,1291560.5,215.12091,269.35336,101.16666,34294,60225,62.217392,17,35210,108113,356.73914,242,5278,286,83.467018,6.742764,5.5049834,1472,702,15.26087,2.1531191,26.014198,14.978628,11.701873,7.8150396,4.7077332,2.848021,0.56552607,0.3056863,0.16716962,0.091941647,0.048038095,0.024982641,7247.7998,397.73389,5.8991222,1080,0.91705883,12.5,6,3.0972223,3.0366666,2.1841667,1.5176417,1.0208334,0.90377772,0.81939042,0.64442402,0.25510204,0.085714288,0.043622848,0.044009659,0.029122222,0.018970521,0.012449187,0.011157749,0.0098721739,0.007955852,0.51002067,45942,111.68667,215.12091,146.28822,0,0,26.527779,98,262,46,0,80,0,0,0,131,37,0,81,0,0,0,0,0,12,0,0,0,0,0,0,0,0,0,0,0,0,0,0,0,0,0,0,6601.9131,6733.4917,6601.3926,8614.2227,9014.3701,1.7811847,1.7490156,1.781188,1.3758163,1.3149582,20,10,1,1.4420327,33.845284,22.599773,22.371916,16.978605,12.009561,8.8616676,33.595284,21.705437,20.961233,16.177742,11.587965,8.1840639,0.73033226,0.4429681,0.2994462,0.19032638,0.11824454,0.075083159,5.1393166,476.3764,39.230583,18.087038,16.810301,15.425327,0.59572983,0.33253637,0.1583423,0.091743693,122.13889,0,0,1,3,0,0,0,0,0,0,0,0,0,0,0,0,0,0,46,49,23,23,4,4,1,1,42,-19,0.5,-1.6521739,0.17391305,752.4939,0,0,0,0,0,0,0,752.4939,66.95472,119.82863,160.9863,10.921895,23.625887,10.364537,4.6994457,0,17.775217,337.33728,16.638498,53.815006,33.12056,33.175568,11.530024,73.678261,62.662544,197.02449,210.94283,30.681503,5.6533551,23.571255,0,0,211
S(=O)(=O)(N(C)c1cc(cc(c1)C(=O)NC(Cc1ccccc1)C(O)C[NH2+]CCC1CC[NH+](CC1)Cc1ccccc1)C(=O)NC(C)c1ccccc1)C,BACE_212,1,Valid,,741.98163,2.2193999,4,4,17,53,0,4,5,145.24001,119.752,207.47951,96.902,0,0,0,0,0,0,0,1,0,1,0,0,1,1,0,0,1,1,0,0,0,0,1,0,1,0,0,1,0,0,1,0,0,0,0,1,1,0,0,0,0,0,0,0,0,0,0,0,0,0,0,0,0,0,0,0,0,1,0,0,0,0,0,0,0,0,0,0,0,0,0,0,0,0,0,0,0,0,0,0,0,0,0,0,0,0,0,0,0,0,0,0,0,0,0,3,0,9,0,0,18,4,0,0,2,6,0,0,0,0,1,0,2,0,0,1,0,0,1,0,0,0,0,1,4,0,0,0,0,0,0,0,0,0,0,0,0,0,0,0,0,0,0,0,0,1,0,0,0,0,0,0,0,0,0,0,0,0,0,0,0,0,0,0,0,0,0,0,0,0,0,0,0,0,0,0,0,0,0,0,0,0,0,11.8981,0,31.4557,0,0,70.008202,7.1522999,0,0,2.2925,14.285,0,0,0,0,5.7160001,0,11.9848,0,0,4,0,0,3.1054001,0,0,0,0,18.811001,71.1894,0,0,0,0,0,0,0,0,0,0,0,0,0,0,0,0,0,0,0,0,-2.8536,0,0,0,0,0,0,0,0,0,0,0,0,0,0,0,0,0,0,0,0,0,0,0,0,0,0,0,0,0,0,0,0,0,0,0,0,0,3.9660001,0,3.4951,0,0,3.8893001,1.7881,0,0,1.1463,2.3808,0,0,0,0,5.7160001,0,5.9924002,0,0,4,0,0,3.1054001,0,0,0,0,18.811001,17.7973,0,0,0,0,0,0,0,0,0,0,0,0,0,0,0,0,0,0,0,0,-2.8536,0,0,0,0,0,0,0,0,0,0,0,0,0,0,0,0,0,0,0,0,0,0,0,0,0,0,0,0,0,0,270,616.02368,308,548.76923,80,37.561283,1.8985075,2.0313559,0.16316605,13422,9.7402029,45.607811,32,3.7151394,0.21486902,317218.06,253.19643,328.79269,112.16666,57271,84691.305,91.348526,16,60399,131268.84,506.49057,346,8506,450,64.004349,6.9460826,5.4337859,2241,1050,19.811321,2.9163404,31.377544,19.304268,15.136476,10.767556,7.1756792,4.232533,0.59202915,0.33867136,0.19405738,0.11334269,0.062944554,0.035868924,11826.333,747.40027,8.1765518,7776,1.0160141,11.5,5.5555558,2.875,2.8088889,2.0972223,1.465306,1.0260416,0.84656084,0.75062501,0.60728496,0.20175439,0.071225069,0.035937499,0.036959063,0.024966931,0.016842598,0.011930717,0.010199528,0.0086278738,0.0069802869,0.41844368,94380,127.7934,253.19643,166.94327,0,0,28.027779,86,190,39,0,0,0,0,0,70,23,0,0,0,0,0,0,0,0,0,0,0,0,0,0,0,0,0,0,0,0,0,0,0,0,0,0,11485.411,11640.76,11487.1,14438.395,15052.167,1.3244534,1.307943,1.3242576,1.0557436,1.0118111,26,13,1,1.1367733,38.046108,26.350885,24.742125,19.217783,14.462963,9.508831,37.796108,25.456549,23.33144,18.416918,14.041368,9.2173109,0.71313411,0.44660613,0.29912102,0.1938623,0.12316989,0.078112803,5.9344268,559.50616,44.600189,22.596149,20.66095,19.014954,0.58048069,0.32530057,0.16206616,0.091117539,119.30556,0,0,0,5,0,0,0,0,0,0,0,0,0,0,0,0,0,0,53,57,30,30,5,5,1,1,55,-25,0.56603771,-1.6666666,0.16666667,965.07404,-1.718616,0,0,0,0,0,0,966.79266,92.716942,171.30861,150.31076,0,12.653861,4.6843634,0,0,0,533.39954,14.919882,35.876671,13.558003,33.175568,0,128.69997,48.544914,242.37854,353.43307,33.920502,0,23.571255,0,36.995682,212
Clc1cc2CC([NH+]=C(NC(CC3C(=CSC3CCC)c3cn[nH]c3)C=3NC(=O)C=CN=3)c2cc1)(C)C,BACE_213,1,Valid,,524.10059,2.2449,4,3,8,36,0,3,5,125.73,73.028999,144.9072,64.568001,0,0,0,0,0,0,0,1,0,1,0,1,1,1,0,0,1,1,0,1,0,0,0,0,1,1,0,0,0,1,0,0,0,0,0,0,1,0,0,0,0,0,0,0,0,0,0,0,0,0,0,0,0,0,1,0,0,0,0,0,1,0,0,0,0,0,0,0,0,0,0,0,0,0,0,0,0,0,0,0,0,0,0,0,0,0,0,0,0,0,0,0,0,0,0,3,0,4,0,1,7,3,0,0,3,5,0,1,0,0,0,0,1,2,0,0,0,2,0,0,0,0,0,0,1,0,0,0,0,0,0,0,0,0,0,0,0,0,0,0,0,0,1,0,0,0,0,0,1,0,0,0,0,0,0,0,0,0,0,0,0,0,0,0,0,0,0,0,0,0,0,0,0,0,0,0,0,0,0,0,0,0,0,15.5374,0,12.7405,0,4.2186999,24.983999,6.1458998,0,0,7.4129,12.792,0,2.1619999,0,0,0,0,7.0223999,10.1176,0,0,0,13.002,0,0,0,0,0,0,15.6763,0,0,0,0,0,0,0,0,0,0,0,0,0,0,0,0,0,3.6217,0,0,0,0,0,8.3281002,0,0,0,0,0,0,0,0,0,0,0,0,0,0,0,0,0,0,0,0,0,0,0,0,0,0,0,0,0,0,0,0,0,0,5.1791,0,3.1851001,0,4.2186999,3.5690999,2.0486,0,0,2.471,2.5583999,0,2.1619999,0,0,0,0,7.0223999,5.0588002,0,0,0,6.5009999,0,0,0,0,0,0,15.6763,0,0,0,0,0,0,0,0,0,0,0,0,0,0,0,0,0,3.6217,0,0,0,0,0,8.3281002,0,0,0,0,0,0,0,0,0,0,0,0,0,0,0,0,0,0,0,0,0,0,0,0,0,0,0,196,413.04938,232,448.11111,57,26.640825,1.9547511,2.0959835,0.19374306,3744,5.9428573,32.017742,29,2.6124318,0.18626292,852.89154,160.6356,191.51811,76.333336,16322,23641.666,31.5,13,17246,35584.926,208,136,2592,148,29.449442,5.2927055,1.8218329,813,374,10.388889,1.3117284,20.768167,12.431182,10.243957,6.8842874,4.9822836,3.468236,0.57689357,0.31077957,0.17661995,0.090582728,0.050839629,0.027969645,3108.3953,284.46472,4.0319405,5250,0.93233865,8.5,4.2222223,2.7222223,2.4011111,1.5766667,1.0131066,0.8185941,0.86218977,0.54282409,0.31894296,0.21250001,0.072796933,0.047758285,0.040018518,0.025026456,0.014898626,0.011213617,0.011651213,0.0084816264,0.0079735741,0.44434527,15642,89.557152,160.6356,114.89933,0,0,17.861111,85,38,34,0,0,56,0,0,0,8,0,0,11,0,0,0,0,0,11,0,0,0,0,0,0,0,0,0,0,0,0,0,0,0,0,0,3144.3103,3186.0251,3144.1941,3789.0686,3934.5442,1.6203661,1.6016587,1.6203415,1.3409535,1.2900985,13,7,0.85714287,1.3694217,26.139435,18.06843,17.395504,14.00455,11.595068,9.639307,25.285881,17.325632,16.436392,13.05353,10.70788,7.8368373,0.7023856,0.43314078,0.28338608,0.17175697,0.10926408,0.068744183,4.403605,370.04184,28.483339,12.640265,12.352661,10.001027,0.58607805,0.33334592,0.19153541,0.11524276,75.527779,0,0,2,3,0,0,0,0,0,0,0,0,0,0,0,0,0,0,36,40,26,28,5,3,0.60000002,1.6666666,53,-25,0.72222221,-1.9230769,0.11538462,602.85828,12.574665,0,0,0,0,0,0,590.28363,56.823868,42.751743,134.32198,42.75058,7.361351,1.9169697,0,0,0,316.93176,5.773128,25.799721,21.465384,11.530024,17.065081,41.662163,38.247776,282.94937,99.891953,17.365913,14.820371,0,13.955495,12.331894,213
Clc1c(cc(nc1N(S(=O)(=O)C)C)N(CC1CC1C)CCOC)-c1oc(nn1)C([NH3+])(Cc1ccccc1)C,BACE_214,1,Valid,,564.11981,2.5929999,6,1,12,38,0,4,4,137.67999,87.112999,148.5892,65.460999,0,0,0,0,0,0,0,1,0,1,0,0,1,1,0,0,0,1,0,1,1,0,0,0,0,0,0,0,0,1,1,0,0,0,0,0,1,1,1,0,0,0,0,0,0,0,0,0,0,0,0,0,0,0,0,0,0,1,0,0,1,0,0,0,0,0,0,0,0,0,0,0,0,0,0,0,0,0,0,0,0,0,0,0,0,0,0,0,0,0,0,0,0,0,0,5,0,5,0,0,6,2,0,0,0,7,0,1,1,0,0,0,0,0,0,0,0,3,2,0,0,0,0,0,2,1,1,0,0,0,0,0,0,0,0,0,0,0,0,0,0,0,0,0,0,1,0,0,1,0,0,0,0,0,0,0,0,0,0,0,0,0,0,0,0,0,0,0,0,0,0,0,0,0,0,0,0,0,0,0,0,0,0,20.641199,0,13.5439,0,0,22.5205,4.7119002,0,0,0,12.2811,0,0.86470002,8.3318996,0,0,0,0,0,0,0,0,19.290701,7.3264999,0,0,0,0,0,32.582699,8.7741003,8.6020002,0,0,0,0,0,0,0,0,0,0,0,0,0,0,0,0,0,0,-2.8959999,0,0,8.8146,0,0,0,0,0,0,0,0,0,0,0,0,0,0,0,0,0,0,0,0,0,0,0,0,0,0,0,0,0,0,0,0,0,0,4.1282001,0,2.7088001,0,0,3.7534001,2.3559,0,0,0,1.7544,0,0.86470002,8.3318996,0,0,0,0,0,0,0,0,6.4302001,3.6631999,0,0,0,0,0,16.2913,8.7741003,8.6020002,0,0,0,0,0,0,0,0,0,0,0,0,0,0,0,0,0,0,-2.8959999,0,0,8.8146,0,0,0,0,0,0,0,0,0,0,0,0,0,0,0,0,0,0,0,0,0,0,0,0,0,0,0,204,498.6286,241,451.88034,60,25.94768,1.7952756,1.979479,0.19631375,4650,6.6145091,33.968643,29,3.0402877,0.20009932,91609.148,168.60858,208.15274,82,19599,29507.982,44.157894,15,20089,45140,244.73685,165,3030,198,48.573643,5.5699368,5.3737111,1005,477,12.552631,1.8393352,22.815575,13.200272,11.180464,7.1798472,4.5955515,3.1932013,0.60040987,0.32195783,0.18328629,0.094471678,0.049414534,0.027061028,3919.1667,258.66705,4.4372554,540,0.96587348,10.5,5.8888888,2.7152777,2.9805555,2.0630555,1.4678911,1.1650014,0.98745751,0.60751539,0.31741861,0.25609756,0.10153257,0.045254629,0.04657118,0.029899355,0.020969873,0.017132374,0.015926734,0.01084849,0.0069004046,0.54423279,22113,92.24054,168.60858,125.2957,0,0,20.694445,73,139,31,0,0,27,0,0,42,16,0,0,22,0,0,0,0,0,4,0,0,0,0,0,0,0,0,0,0,0,0,0,0,0,0,0,3521.5085,3641.9514,3521.7056,4969.3999,5180.9077,1.9744275,1.913951,1.9742885,1.4046677,1.3444395,16,8,1,1.4872265,28.414562,19.085047,19.394901,14.727893,10.971218,9.030695,27.664562,17.902035,17.650885,13.070858,10.099633,7.5526824,0.72801477,0.43663499,0.28935874,0.17905284,0.1085982,0.068042181,4.519362,380.90488,31.881996,14.913925,13.216177,12.512782,0.59868419,0.34041947,0.17062996,0.10176004,86.666664,1,0,1,2,0,0,0,0,0,0,0,0,0,0,0,0,0,0,38,41,20,20,4,4,1,1,36,-16,0.52631581,-1.6,0.2,678.04297,7.0614104,0,0,0,0,0,0,670.98157,86.464912,46.173752,128.03482,8.7615385,5.3075399,1.9169697,0,0,14.052523,387.33093,25.827185,0.7049579,9.4417677,33.795429,22.440186,80.112785,12.861614,293.46786,138.91156,14.282681,-5.5363908,7.0238628,7.7137904,36.995682,214
O=C1Nc2c(cccc2)C12CC([NH2+]C2)C(OC)=O,BACE_215,1,Valid,,247.26981,-0.92189997,3,2,2,18,0,2,3,72.010002,44.250999,62.178299,28.893,0,0,0,0,0,0,0,1,0,1,0,0,1,1,0,0,1,1,0,1,0,0,1,0,1,0,0,0,0,0,0,0,0,0,0,0,1,1,0,0,0,0,0,0,0,0,0,0,0,0,0,0,0,0,0,0,0,0,0,0,0,0,0,0,0,0,0,0,0,0,0,0,0,0,0,0,0,0,0,0,0,0,0,0,0,0,0,0,0,0,0,0,0,0,0,1,0,2,0,0,4,1,0,0,2,2,0,1,0,0,1,0,1,0,0,0,0,0,0,0,0,0,0,0,2,1,0,0,0,0,0,0,0,0,0,0,0,0,0,0,0,0,0,0,0,0,0,0,0,0,0,0,0,0,0,0,0,0,0,0,0,0,0,0,0,0,0,0,0,0,0,0,0,0,0,0,0,0,0,0,0,0,0,3.3685,0,4.4362001,0,0,13.6859,1.1153001,0,0,2.0283,4.2340999,0,0.58329999,0,0,4.2037001,0,4.6479998,0,0,0,0,0,0,0,0,0,0,0,30.138599,7.1287999,0,0,0,0,0,0,0,0,0,0,0,0,0,0,0,0,0,0,0,0,0,0,0,0,0,0,0,0,0,0,0,0,0,0,0,0,0,0,0,0,0,0,0,0,0,0,0,0,0,0,0,0,0,0,0,0,0,3.3685,0,2.2181001,0,0,3.4215,1.1153001,0,0,1.0141,2.1170001,0,0.58329999,0,0,4.2037001,0,4.6479998,0,0,0,0,0,0,0,0,0,0,0,15.0693,7.1287999,0,0,0,0,0,0,0,0,0,0,0,0,0,0,0,0,0,0,0,0,0,0,0,0,0,0,0,0,0,0,0,0,0,0,0,0,0,0,0,0,0,0,0,0,0,0,0,0,0,0,100,267,124,258,31,13.117681,1.9115044,2.0725091,0.27610323,555,3.6274509,17.427351,17,2.2607846,0.23415665,40.902321,59.66349,73.801407,40,2458,4284,10.962963,7,2430,7256,61.666668,42,354,50,22.941813,5.2285352,1.9267999,266,124,6.8888888,1.0246913,10.10306,5.9935827,4.8554182,3.9486196,2.5371206,1.9597148,0.56128109,0.29967913,0.16184726,0.089741357,0.048790783,0.027601616,400.88965,36.687408,2.1863244,145,0.89903742,4.5,3.3333333,1.9861112,0.98000002,0.6672222,0.29478458,0.10678855,0.053162005,0.015625,0,0.22499999,0.11111111,0.064068101,0.037692308,0.037067901,0.021056041,0.011865394,0.013290501,0.015625,0,0.53677636,1561,40.088097,59.66349,55.156441,0,0,10,4,24,0,0,0,0,0,0,14,0,0,0,0,0,0,0,0,0,0,0,0,0,0,0,0,0,0,0,0,0,0,0,0,0,0,0,470.5,470.74463,470.56946,582.49634,607.43793,2.0600944,2.059118,2.0598404,1.7274351,1.667491,9,5,0.80000001,1.775486,12.750712,8.6706686,7.9093537,7.3567739,5.370307,4.4538813,12.750712,8.6706686,7.9093537,7.3567739,5.370307,3.9274337,0.70837289,0.43353346,0.26364514,0.1671994,0.10327514,0.064384162,2.926707,139.29968,13.005,4.8355556,3.9958377,3.4936888,0.59232807,0.37703446,0.2036761,0.11804671,44.25,0,0,2,1,0,0,0,0,0,0,0,0,0,0,0,0,0,0,18,20,13,16,3,0,0,0,32,-16,0.72222221,-2.4615386,0,293.42136,15.337919,0,0,0,0,0,0,278.08344,14.794539,34.466724,85.458618,23.308952,0,0,0,4.6843634,0,130.70816,11.532897,35.876671,6.5213032,0,0,25.739992,11.226253,43.742245,104.2972,13.159866,0.31997105,7.9801702,0,33.024784,215
o1c(cnc1C([NH2+]CC(O)C1NC(=O)c2cc(cc(c2)C(=O)CCC\C=C\COC1)C)(C)C)C(C)(C)C,BACE_216,1,Valid,,512.66089,2.4544001,6,3,6,37,0,2,3,118.27,84.334999,141.55499,61.055,0,0,0,0,0,0,0,1,0,1,0,1,1,1,0,0,1,1,0,1,0,0,1,0,1,0,0,0,0,1,0,0,0,0,0,1,1,1,1,0,0,0,0,0,0,0,0,0,0,0,0,0,0,0,0,0,0,0,0,0,0,0,0,0,0,0,0,0,0,0,0,0,0,0,0,0,0,0,0,0,0,0,0,0,0,0,0,0,0,0,0,0,0,0,0,6,0,6,0,2,4,2,0,0,2,5,0,2,0,0,1,0,1,0,0,0,0,1,0,0,0,0,0,1,2,1,1,0,0,0,0,0,0,0,0,0,0,0,0,0,0,0,0,0,0,0,0,0,0,0,0,0,0,0,0,0,0,0,0,0,0,0,0,0,0,0,0,0,0,0,0,0,0,0,0,0,0,0,0,0,0,0,0,29.1604,0,15.4794,0,8.8037004,14.917,2.4854,0,0,2.8204999,11.6465,0,2.9567001,0,0,5.2535,0,5.9892998,0,0,0,0,7.2209001,0,0,0,0,0,18.0158,35.102001,9.7940998,9.448,0,0,0,0,0,0,0,0,0,0,0,0,0,0,0,0,0,0,0,0,0,0,0,0,0,0,0,0,0,0,0,0,0,0,0,0,0,0,0,0,0,0,0,0,0,0,0,0,0,0,0,0,0,0,0,0,4.8600998,0,2.5799,0,4.4018002,3.7293,1.2427,0,0,1.4102,2.3292999,0,1.4784,0,0,5.2535,0,5.9892998,0,0,0,0,7.2209001,0,0,0,0,0,18.0158,17.551001,9.7940998,9.448,0,0,0,0,0,0,0,0,0,0,0,0,0,0,0,0,0,0,0,0,0,0,0,0,0,0,0,0,0,0,0,0,0,0,0,0,0,0,0,0,0,0,0,0,0,0,0,0,0,190,465,217,446,58,24.443602,1.7619047,1.9360269,0.20226344,4607,6.9174175,33.587021,24,3.0442336,0.21753901,60793.648,158.215,203.56358,80.5,19154,29305,35.811543,13,19429,44921,249.02702,175,2739,169,47.686604,6.1705837,2.2306957,989,476,12.864865,1.9371804,22.966213,13.043389,11.500461,6.560997,4.0298648,2.7065542,0.62070847,0.33444586,0.20536537,0.099409044,0.055203628,0.029742353,3658.8884,167.30547,5.6230512,430,1.0033376,10.5,5.3333335,2.4930556,2.6833334,1.7744445,0.87755102,0.8185941,0.65030551,0.38439041,0.28732374,0.26923078,0.095238097,0.042983718,0.045480225,0.029574074,0.013711735,0.013419575,0.012751088,0.0091521526,0.0079812147,0.53154141,23294,87.116081,158.215,109.02187,0,0,20.75,14,86,0,0,0,0,0,0,73,0,0,0,0,0,0,0,0,0,0,0,0,0,0,0,0,0,0,0,0,0,0,0,0,0,0,0,3916.762,3920.6499,3917.6118,5257.5049,5578.7632,1.8899664,1.8880155,1.8895521,1.4087304,1.327392,16,8,1,1.6119429,27.216969,17.364029,17.058924,12.595424,8.8066978,7.3007655,27.216969,17.364029,17.058924,12.595424,8.8066978,6.9146829,0.73559374,0.44523153,0.30462363,0.19083975,0.1206397,0.080403283,4.4287515,346.79501,31.526627,14.0625,12.370987,11.982248,0.59575289,0.32656619,0.15290809,0.090156756,84.333336,0,0,1,1,0,0,0,0,0,0,0,0,1,0,0,0,0,0,37,39,23,26,3,0,0,0,52,-26,0.62162161,-2.2608695,0,718.26935,1.7809315,0,0,0,0,0,0,716.4884,104.32405,47.048286,130.03142,19.683434,7.361351,0,5.3718929,0,0,404.44891,37.185204,35.876671,16.22077,0,0,39.794464,76.509361,275.07178,166.38673,22.850039,0.11696421,15.87979,7.7137904,24.663788,216
Fc1cc(F)ccc1C12N=C(OC1CN(CC2)c1ncccc1C#N)N,BACE_217,1,Valid,,355.3414,2.7602,4,0,3,26,0,2,4,87.529999,69.084999,90.657997,40.773998,0,0,0,0,0,0,0,0,0,1,0,0,1,1,0,1,1,1,0,1,0,1,0,0,0,0,1,0,1,1,1,0,0,0,0,0,0,1,0,0,0,1,0,0,0,0,0,0,0,0,0,0,0,0,0,0,0,0,0,0,0,0,0,0,0,0,0,0,0,0,0,0,0,0,0,0,0,0,0,0,0,0,0,0,0,0,0,0,0,0,0,0,0,0,0,0,0,3,0,0,6,1,0,1,1,5,0,1,0,1,0,0,0,0,1,0,1,1,1,0,0,0,0,0,0,1,0,0,0,2,0,0,0,0,0,0,0,0,0,0,0,0,0,0,0,0,0,0,0,0,0,0,0,0,0,0,0,0,0,0,0,0,0,0,0,0,0,0,0,0,0,0,0,0,0,0,0,0,0,0,0,0,0,0,0,5.9301,0,0,16.095301,0.64579999,0,2.9906001,0.98110002,4.5128002,0,0.047699999,0,8.8691998,0,0,0,0,10.8262,0,6.1792002,5.8284001,3.5641,0,0,0,0,0,0,7.7793999,0,0,0,32.965,0,0,0,0,0,0,0,0,0,0,0,0,0,0,0,0,0,0,0,0,0,0,0,0,0,0,0,0,0,0,0,0,0,0,0,0,0,0,0,0,0,0,0,0,0,0,0,0,0,0,0,0,0,0,0,1.9766999,0,0,2.6826,0.64579999,0,2.9906001,0.98110002,0.90259999,0,0.047699999,0,8.8691998,0,0,0,0,10.8262,0,6.1792002,5.8284001,3.5641,0,0,0,0,0,0,7.7793999,0,0,0,16.4825,0,0,0,0,0,0,0,0,0,0,0,0,0,0,0,0,0,0,0,0,0,0,0,0,0,0,0,0,0,0,0,0,0,0,0,0,0,0,0,0,0,0,0,0,0,0,144,446,176,426,47,19.186106,1.9378881,2.0915954,0.22830035,1571,4.8338461,24.43796,23,2.7633424,0.21616343,157.5976,101.72121,124.09962,58.5,6894,13025,21.680473,10,7152,25148,120.84615,86,906,86,43.324142,6.4591889,2.3462501,516,238,9.1538458,1.5502958,13.693154,8.1090069,6.2873459,4.8586316,3.5723529,2.1594276,0.52665979,0.27962092,0.14621735,0.079649702,0.043565281,0.022494039,1122.4943,106.4678,2.9477212,1044,0.83886278,6.5,4,2.8541667,1.64,1.2783333,0.78775507,0.51222366,0.26153472,0.126875,0.098867461,0.22413793,0.093023255,0.060726952,0.035652176,0.031958334,0.024617346,0.018293701,0.01089728,0.0070486111,0.0089879511,0.50635558,5721,62.325207,101.72121,79.785767,0,0,14.75,51,19,0,0,78,0,0,0,0,0,0,12,0,0,0,0,0,0,0,0,0,0,0,0,0,0,4,0,0,0,0,0,0,0,0,0,1270.369,1272.6064,1268.8666,1698.1874,1821.6774,1.8376361,1.8347881,1.8391026,1.3994709,1.3130447,12,6,1,1.5076463,18.31119,12.530843,11.628182,10.064,8.7720804,6.3062358,18.31119,12.530843,11.628182,10.064,8.7720804,6.0504928,0.70427656,0.432098,0.27042285,0.16498362,0.1069766,0.066488937,3.6196322,236.84367,19.209742,7.71771,5.9379439,5.7021236,0.59001833,0.36241904,0.21069308,0.11809033,69.083336,0,0,1,3,0,0,0,0,0,0,0,0,0,0,0,0,0,0,26,29,21,23,4,2,0.5,2,44,-21,0.80769229,-2,0.095238097,373.98328,0,0,0,0,0,0,0,373.98328,31.206062,37.363598,57.722984,20.673861,32.807827,11.360349,0,0,42.576694,140.27191,9.7519655,13.558003,54.69902,18.28244,0,8.5799971,30.189354,100.81554,76.997734,51.350193,0,9.7590303,0,0,217
O(C)c1cc(ccc1)-c1cc(ccc1)C(\[NH+]=C(\N)/N)c1ccncc1,BACE_218,1,Valid,,333.40689,1.0831,2,0,5,25,0,1,3,88.129997,51.834999,96.534302,48.518002,0,0,0,0,0,0,0,1,0,0,0,0,1,1,0,0,1,1,0,0,0,1,0,0,0,0,0,0,0,1,0,0,0,0,0,0,0,1,0,0,0,0,0,0,0,0,0,0,0,0,0,0,0,0,0,0,0,0,0,0,0,0,0,0,0,0,0,0,0,0,0,0,0,0,0,0,0,0,0,0,0,0,0,0,0,0,0,0,0,0,0,0,0,0,0,1,0,0,0,0,12,1,0,0,1,5,0,0,0,2,0,0,0,0,0,0,0,1,0,0,0,0,0,0,0,1,0,0,0,0,0,0,0,0,0,0,0,0,0,0,0,0,0,0,0,0,0,0,0,0,0,0,0,0,0,0,0,0,0,0,0,0,0,0,0,0,0,0,0,0,0,0,0,0,0,0,0,0,0,0,0,0,0,3.6893001,0,0,0,0,43.888,1.8262,0,0,2.2504001,12.4387,0,0,0,19.338301,0,0,0,0,0,0,0,5.7725,0,0,0,0,0,0,0,7.7150998,0,0,0,0,0,0,0,0,0,0,0,0,0,0,0,0,0,0,0,0,0,0,0,0,0,0,0,0,0,0,0,0,0,0,0,0,0,0,0,0,0,0,0,0,0,0,0,0,0,0,0,0,0,0,0,0,0,3.6893001,0,0,0,0,3.6573,1.8262,0,0,2.2504001,2.4877,0,0,0,9.6691999,0,0,0,0,0,0,0,5.7725,0,0,0,0,0,0,0,7.7150998,0,0,0,0,0,0,0,0,0,0,0,0,0,0,0,0,0,0,0,0,0,0,0,0,0,0,0,0,0,0,0,0,0,0,0,0,0,0,0,0,0,0,0,0,0,0,0,0,0,0,126,309,145,326,37,18.087494,1.9480519,2.0616357,0.23513149,1510,5.0333333,23.972956,16,2.6488841,0.23290437,71.337227,91.095451,119.36322,53,6432,10533,20.176001,7,6521,17236,120.8,84,920,89,14.522805,1.8202995,1.4920411,495,235,9.3999996,1.424,14.015716,7.9588971,5.6706576,3.9734738,2.7821031,1.541748,0.56062865,0.29477397,0.15751827,0.086379863,0.046368387,0.024866905,1219.6666,81.531677,3.602299,216,0.88432193,4.5,2.2222223,1.3125,1.1555555,0.84027779,0.5289796,0.38541666,0.16049382,0.14687499,0.09070503,0.16666667,0.061728396,0.035472974,0.03123123,0.021006944,0.015113702,0.013764881,0.0072951741,0.0081597222,0.0069773099,0.36043969,5637,55.551205,91.095451,75.615166,0,0,13,25,39,0,0,0,0,0,0,0,0,0,0,0,0,0,0,0,0,0,0,0,0,0,0,0,0,0,0,0,0,0,0,0,0,0,0,1154.119,1154.6974,1154.2402,1344.4523,1390.6826,2.110218,2.1093109,2.1100347,1.8644487,1.8139546,12,6,1,1.6213167,17.648054,12.169035,10.579218,8.4271135,7.0917835,4.7238655,17.648054,12.169035,10.579218,8.4271135,7.0917835,4.7238655,0.70592213,0.45070499,0.29386717,0.18319812,0.1181964,0.076191381,3.6430161,203.68059,19.753086,9.7962961,8.4850254,7.7402835,0.56376189,0.32188633,0.18353614,0.11031605,54.333332,0,0,0,3,0,0,0,0,0,0,0,0,0,0,0,0,0,0,25,27,18,18,3,3,1,1,33,-15,0.72000003,-1.6666666,0.16666667,419.61633,5.2446146,0,0,0,0,0,0,414.3717,43.679276,85.799973,83.441422,31.595757,9.205164,5.0651884,0,0,0,160.82954,9.7519655,9.4417677,30.950705,0,0,42.899986,46.812641,39.829937,167.08339,51.100891,0,0.034933422,9.3782053,12.331894,218
Fc1cc(cc(F)c1)CC(NC(=O)C)C(O)C[NH2+]C1(CCCCC1)C1C=C(n2nccc2)CC=C1,BACE_219,1,Valid,,485.5892,1.9189,3,3,9,35,0,3,4,83.760002,84.084,133.60339,56.366001,0,0,0,0,0,0,0,1,0,1,0,1,1,1,0,0,1,1,0,1,0,0,1,0,1,0,0,0,0,1,0,0,1,0,0,1,1,0,0,0,0,1,0,0,0,0,0,0,0,0,0,0,0,0,0,0,0,0,0,0,0,0,0,0,0,0,0,0,0,0,0,0,0,0,0,0,0,0,0,0,0,0,0,0,0,0,0,0,0,0,0,0,0,0,0,1,0,8,0,3,6,3,0,0,2,3,0,1,0,0,1,0,1,0,0,0,0,1,0,0,1,0,0,1,1,0,0,0,0,2,0,0,0,0,0,0,0,0,0,0,0,0,0,0,0,0,0,0,0,0,0,0,0,0,0,0,0,0,0,0,0,0,0,0,0,0,0,0,0,0,0,0,0,0,0,0,0,0,0,0,0,0,0,3.8131001,0,25.367201,0,14.2496,18.804501,4.6620002,0,0,4.2754998,2.8443,0,2.0678,0,0,5.7378001,0,5.7820001,0,0,0,0,6.4801002,0,0,3.6364,0,0,17.950399,16.415001,0,0,0,0,34.653599,0,0,0,0,0,0,0,0,0,0,0,0,0,0,0,0,0,0,0,0,0,0,0,0,0,0,0,0,0,0,0,0,0,0,0,0,0,0,0,0,0,0,0,0,0,0,0,0,0,0,0,0,0,3.8131001,0,3.1709001,0,4.7498999,3.1341,1.554,0,0,2.1377001,0.94809997,0,2.0678,0,0,5.7378001,0,5.7820001,0,0,0,0,6.4801002,0,0,3.6364,0,0,17.950399,16.415001,0,0,0,0,17.326799,0,0,0,0,0,0,0,0,0,0,0,0,0,0,0,0,0,0,0,0,0,0,0,0,0,0,0,0,0,0,0,0,0,0,0,0,0,0,0,0,0,0,0,0,0,0,182,471,211,436,53,25.136749,1.9178082,2.0507238,0.19945525,3873,6.5092435,32.006508,24,2.905041,0.21479425,1506.793,147.39973,188.34482,77,16610,27483,35.808979,11,17317,46663,221.31429,156,2286,137,48.078758,5.7087073,2.3401437,896,419,11.971429,1.689796,20.168226,12.464251,9.8565311,7.2862849,5.4088755,3.3624625,0.576235,0.3280066,0.18597229,0.10875052,0.065167174,0.036548506,3387.3333,241.96097,5.5974808,1080,0.98401976,8.5,3.7777779,2.3402777,1.6455555,1.5069444,0.88562357,0.64154619,0.47117504,0.31624228,0.28497091,0.22368421,0.071278825,0.044156186,0.029919192,0.026909722,0.015537255,0.011664476,0.0092387265,0.0073544714,0.0069505102,0.43974307,18270,82.708282,147.39973,105.80866,0,0,19.5,35,54,0,0,82,0,0,0,5,0,0,30,0,0,0,0,0,0,0,0,0,0,0,0,0,0,4,0,0,0,0,0,0,0,0,0,3354.3452,3358.6711,3352.4714,4201.1318,4451.2388,1.5857065,1.5838498,1.5862617,1.2822136,1.2153738,15,8,0.875,1.386425,24.838287,16.842974,15.515944,12.085313,9.8330545,7.0090737,24.838287,16.842974,15.515944,12.085313,9.8330545,6.5174918,0.70966536,0.44323617,0.29275367,0.1803778,0.11847053,0.074913703,4.4387965,330.92303,27.904806,13.100196,12.31552,10.444527,0.5793764,0.32641903,0.18171804,0.10058828,84.083336,0,0,1,3,0,0,0,0,0,0,0,0,0,0,0,0,0,0,35,38,23,23,4,4,1,1,42,-19,0.65714288,-1.6521739,0.17391305,623.45203,1.7809315,0,0,0,0,0,0,621.67108,54.941257,77.320671,103.39046,21.84379,2.646255,11.360349,0,0,35.550434,316.3988,18.41943,26.246981,35.550434,11.530024,0,22.203947,54.205875,266.92468,118.96958,28.5688,7.9801702,8.1883268,0,24.663788,219
Brc1cc(C[NH+]2CCC(NC(=O)CCC[S-])CC2)c(OC)c(OC)c1,BACE_220,1,Valid,,431.3876,0.58069998,3,1,8,25,0,0,2,52,50.584999,96.469101,44.632,0,0,0,0,0,0,0,1,0,1,0,0,1,1,0,0,1,1,0,0,0,0,0,0,1,0,0,1,0,0,0,0,0,0,0,0,1,1,0,0,0,0,0,0,0,0,0,0,0,0,0,0,0,0,0,0,0,0,0,0,0,0,0,0,0,0,0,0,0,0,0,0,0,0,0,0,0,0,1,0,0,0,0,0,0,0,0,0,0,0,0,0,0,0,0,2,0,8,0,0,2,1,0,0,1,4,0,0,0,0,0,0,1,0,0,1,0,0,0,0,0,0,0,0,1,2,0,0,0,0,0,0,0,0,0,0,0,0,0,0,0,0,0,0,0,0,0,0,0,0,0,0,0,0,0,0,0,0,0,0,0,0,0,0,0,0,1,0,0,0,0,0,0,0,0,0,0,0,0,0,0,0,0,7.6868,0,24.9452,0,0,7.3264999,2.2426,0,0,1.9155,9.2673998,0,0,0,0,0,0,6.1553001,0,0,3,0,0,0,0,0,0,0,0,16.439699,16.4338,0,0,0,0,0,0,0,0,0,0,0,0,0,0,0,0,0,0,0,0,0,0,0,0,0,0,0,0,0,0,0,0,0,0,0,0,0,0,0,0,4,0,0,0,0,0,0,0,0,0,0,0,0,0,0,0,0,3.8434,0,3.1180999,0,0,3.6631999,2.2426,0,0,1.9155,2.3168001,0,0,0,0,0,0,6.1553001,0,0,3,0,0,0,0,0,0,0,0,16.439699,8.2168999,0,0,0,0,0,0,0,0,0,0,0,0,0,0,0,0,0,0,0,0,0,0,0,0,0,0,0,0,0,0,0,0,0,0,0,0,0,0,0,0,4,0,0,0,0,0,0,0,0,0,120,281.51166,136,262.37036,36,16.701199,1.8072289,1.9504263,0.2446956,1732,5.7733335,24.65057,13,2.8994706,0.27592269,409.35071,86.546875,122.7047,53.75,7032,10179,25.2672,7,6830,14037.568,138.56,101,939,119,23.108015,4.8343968,1.5308374,592,292,11.68,1.984,14.899862,8.684166,6.3766632,4.5670257,3.2863719,1.8925873,0.59599453,0.33400637,0.18754892,0.10873871,0.062007017,0.035709195,1429,48.681282,4.7605257,36,1.002019,5.5,2.2222223,1.75,1.5866667,0.7013889,0.48489794,0.26041666,0.24212648,0.136875,0.13641465,0.21153846,0.065359481,0.048611112,0.045333333,0.021918403,0.017959183,0.011322464,0.014242734,0.0091249999,0.00909431,0.44541016,7718,52.664257,86.546875,88.134262,0,0,13.430555,4,34,14,0,0,0,14,0,24,32,0,0,0,20,0,0,0,0,0,14,0,0,0,0,0,0,0,0,0,0,0,0,0,0,0,0,1459.9714,1491.2839,1459.7791,1991.5521,2106.3809,2.0787537,2.0460753,2.0788984,1.5473779,1.4627446,15,8,0.875,1.7628366,19.733841,12.997315,11.24914,8.6537857,7.3495364,5.3251672,18.233841,12.066412,10.182643,8.0056047,6.6419754,4.5384598,0.72935361,0.46409276,0.2994895,0.19060963,0.12532029,0.085631318,3.6668105,188.14453,22.567299,11.972935,9.8576384,10.807872,0.55604762,0.32460251,0.18051006,0.099203683,54.25,0,0,0,2,0,0,0,0,0,0,0,0,0,0,0,0,0,0,25,26,12,12,2,2,1,1,22,-10,0.47999999,-1.6666666,0.16666667,500.1954,25.542233,0,0,0,0,0,0,474.65317,68.867706,17.159994,48.286263,48.545712,2.646255,10.513382,0,0,0,304.17609,45.046162,24.717337,0,2.984482,0,35.079967,17.159994,162.61646,165.93636,26.342571,0,7.9801702,0,12.331894,220
FC(F)(F)COc1ccc(nc1)C(=O)Nc1cc(ccc1)C1(N=C(N)N(C)C(=O)C1)C,BACE_221,1,Valid,,435.39969,2.2193,5,1,6,31,0,1,3,109.91,91.168999,104.259,46.632999,0,0,0,0,0,0,0,1,0,1,0,0,1,0,0,0,1,1,0,1,0,1,0,0,1,0,0,0,1,1,1,0,0,0,0,0,1,1,0,0,0,1,0,0,0,0,0,0,0,0,0,0,0,0,0,0,0,0,0,0,0,0,0,0,0,0,0,0,0,0,0,0,0,0,0,0,0,0,0,0,0,0,0,0,0,0,0,0,0,0,0,0,0,0,0,2,0,2,0,0,7,0,0,0,3,4,0,2,0,1,0,0,1,0,0,0,1,1,1,0,0,0,0,0,2,1,0,0,0,3,0,0,0,0,0,0,0,0,0,0,0,0,0,0,0,0,0,0,0,0,0,0,0,0,0,0,0,0,0,0,0,0,0,0,0,0,0,0,0,0,0,0,0,0,0,0,0,0,0,0,0,0,0,7.7859998,0,1.2785,0,0,20.621599,0,0,0,2.7495999,5.4067001,0,-3.6586001,0,9.3046999,0,0,4.4636998,0,0,0,6.6475,5.2151999,2.8275001,0,0,0,0,0,30.6938,6.2782998,0,0,0,42.487801,0,0,0,0,0,0,0,0,0,0,0,0,0,0,0,0,0,0,0,0,0,0,0,0,0,0,0,0,0,0,0,0,0,0,0,0,0,0,0,0,0,0,0,0,0,0,0,0,0,0,0,0,0,3.8929999,0,0.63919997,0,0,2.9459,0,0,0,0.91649997,1.3516999,0,-1.8293,0,9.3046999,0,0,4.4636998,0,0,0,6.6475,5.2151999,2.8275001,0,0,0,0,0,15.3469,6.2782998,0,0,0,14.1626,0,0,0,0,0,0,0,0,0,0,0,0,0,0,0,0,0,0,0,0,0,0,0,0,0,0,0,0,0,0,0,0,0,0,0,0,0,0,0,0,0,0,0,0,0,0,164,572,189,503,49,20.572401,1.754717,1.9418203,0.22047406,3100,6.6666665,29.51432,23,3.1392071,0.25726578,9965.1875,120.92361,163.59546,72,12920,26083,35.161289,12,13027,51924,200,146,1674,142,57.145012,5.454258,5.717485,858,412,13.290322,2.1706555,16.733295,9.1615019,7.1913118,4.6883311,2.9670241,1.7054144,0.53978372,0.27762127,0.14676146,0.080833293,0.041789073,0.022738859,2499.6667,135.74313,5.7445078,216,0.83286381,10,4.6666665,2.4375,2.2577777,1.2291666,0.69387752,0.62152779,0.40639961,0.215625,0.2641567,0.30303031,0.095238097,0.049744897,0.051313132,0.029265873,0.018259935,0.018834176,0.014013779,0.0071874997,0.011006529,0.58688772,15861,70.660095,120.92361,93.262688,0,0,19.5,56,103,0,0,183,0,0,0,28,0,0,84,0,0,0,0,0,0,0,0,0,0,0,0,0,0,6,0,0,0,0,0,0,0,0,0,2422.9761,2427.5979,2420.4534,3487.2202,3773.8799,1.866612,1.8634957,1.8678153,1.3345891,1.2412848,17,9,0.8888889,1.4610173,22.81119,14.465964,14.698645,10.843975,8.3597355,5.579927,22.81119,14.465964,14.698645,10.843975,8.3597355,5.579927,0.73584485,0.43836254,0.29997236,0.18696508,0.11774275,0.074399024,4.0910258,269.38599,25.446608,10.394295,9.6855688,8.5322428,0.60526115,0.32723314,0.15697452,0.089192286,91.166664,0,0,0,3,0,0,0,0,0,0,0,0,0,0,0,0,0,0,31,33,18,18,3,3,1,1,33,-15,0.58064514,-1.6666666,0.16666667,488.02838,0,0,0,0,0,0,0,488.02838,53.446663,45.943596,101.85982,20.673861,66.408485,9.7495518,4.6994457,0,0,185.24696,9.7519655,58.436535,15.963071,54.502674,0,17.159994,47.271969,104.66163,111.865,41.644306,9.3782053,7.9801702,7.6914635,1.7213943,221
Fc1cc(cc(F)c1)CC(NC(=O)CCC(O)C(=O)[O-])C(O)C[NH2+]C1(CCCCC1)c1cc(ccc1)C(C)(C)C,BACE_222,1,Valid,,560.67242,3.0890999,3,4,13,40,0,3,3,126.3,107.168,144.7095,64.953003,0,0,0,0,0,0,0,1,0,1,0,0,1,1,0,0,1,1,0,1,0,0,1,0,1,0,0,0,0,0,0,0,0,0,0,1,1,0,0,1,1,1,0,0,0,0,0,0,0,0,0,0,0,0,0,0,0,0,0,0,0,0,0,0,0,0,0,0,0,0,0,0,0,0,0,0,0,0,0,0,0,0,0,0,0,0,0,0,0,0,0,0,0,0,0,3,0,9,0,0,7,3,0,0,2,5,0,2,0,0,1,0,1,0,0,0,0,0,0,0,0,0,0,2,1,0,0,1,1,2,0,0,0,0,0,0,0,0,0,0,0,0,0,0,0,0,0,0,0,0,0,0,0,0,0,0,0,0,0,0,0,0,0,0,0,0,0,0,0,0,0,0,0,0,0,0,0,0,0,0,0,0,0,15.6576,0,25.3626,0,0,26.7265,1.4419,0,0,0.016799999,9.7004004,0,3.8106999,0,0,5.7079,0,5.8631001,0,0,0,0,0,0,0,0,0,0,32.660198,17.73,0,0,13.6815,18.6096,35.5047,0,0,0,0,0,0,0,0,0,0,0,0,0,0,0,0,0,0,0,0,0,0,0,0,0,0,0,0,0,0,0,0,0,0,0,0,0,0,0,0,0,0,0,0,0,0,0,0,0,0,0,0,0,5.2192001,0,2.8181,0,0,3.8181,0.4806,0,0,0.0083999997,1.9401,0,1.9054,0,0,5.7079,0,5.8631001,0,0,0,0,0,0,0,0,0,0,16.330099,17.73,0,0,13.6815,18.6096,17.7523,0,0,0,0,0,0,0,0,0,0,0,0,0,0,0,0,0,0,0,0,0,0,0,0,0,0,0,0,0,0,0,0,0,0,0,0,0,0,0,0,0,0,0,0,0,0,204,554,233,477,62,26.235361,1.7518249,1.9268452,0.19523446,5609,7.1910257,35.65234,25,3.0012093,0.20575026,194516.42,175.78627,224.66615,89,22981,39393,46.2225,14,22996,65930,280.45001,191,3578,198,70.316635,5.8874378,3.3448792,1050,511,12.775,1.75875,23.589914,14.056718,12.084114,7.9050894,5.5299454,3.341933,0.58974785,0.33468378,0.2014019,0.11133929,0.065058179,0.037132587,5134.1665,217.57878,5.6390896,216,1.0040513,12,5.3333335,3.0625,2.0133333,2.0138888,1.1208163,0.90972221,0.78054923,0.45999998,0.46270788,0.2857143,0.088888891,0.049395163,0.033555556,0.031966489,0.016728602,0.01421441,0.012389671,0.0074193547,0.0075853751,0.54027241,28560,94.428688,175.78627,118.17193,0,0,23.5,4,60,0,0,28,0,0,0,56,0,0,100,0,0,0,0,0,0,0,0,0,0,0,0,0,0,4,0,0,0,0,0,0,0,0,0,4966.2383,4971.5322,4964.187,6080.2007,6391.874,1.8982345,1.8963073,1.898752,1.5615497,1.4886806,16,8,1,1.6876405,29.501425,18.78635,18.284252,13.386844,10.212148,6.8589206,29.501425,18.78635,18.284252,13.386844,10.212148,6.8589206,0.7375356,0.44729406,0.30473754,0.18854709,0.12014291,0.076210231,4.6506763,385.8912,34.373497,15.560685,13.821618,13.371879,0.59317458,0.32531518,0.15500516,0.085952334,105.16666,0,0,0,3,0,0,0,0,0,0,0,0,0,0,0,0,0,0,40,42,18,18,3,3,1,1,33,-15,0.44999999,-1.6666666,0.16666667,748.41711,26.917662,0,0,0,0,0,0,721.49945,108.38182,80.25219,100.87521,0,7.938765,11.360349,0,0,35.550434,404.05835,78.132996,24.717337,35.550434,0,0,61.106525,40.996513,309.78781,125.8028,23.302103,0,24.356825,0,24.663788,222
S(=O)(=O)(N(C)c1cc(cc(c1)C(=O)NC(Cc1ccccc1)C(O)Cn1ncc(c1)C(OCC)=O)C(=O)NC(C)c1ccc(F)cc1)C,BACE_223,1,Valid,,679.75818,2.9844999,7,3,15,48,0,4,4,168.31,126.586,178.6356,81.254997,0,0,0,0,0,0,0,1,0,1,0,0,1,1,0,0,1,1,0,0,0,0,0,0,1,0,0,0,0,1,1,0,1,0,0,1,1,1,0,0,0,1,0,0,0,0,0,0,0,0,0,0,0,0,0,0,0,1,0,0,0,0,0,0,0,0,0,0,0,0,0,0,0,0,0,0,0,0,0,0,0,0,0,0,0,0,0,0,0,0,0,0,0,0,0,4,0,3,0,0,14,3,0,0,3,7,0,0,0,0,0,0,2,0,0,0,0,1,1,0,1,0,0,1,5,1,0,0,0,1,0,0,0,0,0,0,0,0,0,0,0,0,0,0,0,1,0,0,0,0,0,0,0,0,0,0,0,0,0,0,0,0,0,0,0,0,0,0,0,0,0,0,0,0,0,0,0,0,0,0,0,0,0,15.1959,0,5.7884998,0,0,46.183998,2.4396,0,0,2.0727999,11.197,0,0,0,0,0,0,10.9736,0,0,0,0,6.224,2.8506999,0,3.1519001,0,0,17.230301,83.821098,7.4411998,0,0,0,16.6185,0,0,0,0,0,0,0,0,0,0,0,0,0,0,0,-2.9981999,0,0,0,0,0,0,0,0,0,0,0,0,0,0,0,0,0,0,0,0,0,0,0,0,0,0,0,0,0,0,0,0,0,0,0,0,0,3.799,0,1.9295,0,0,3.2988999,0.8132,0,0,0.69090003,1.5996,0,0,0,0,0,0,5.4868002,0,0,0,0,6.224,2.8506999,0,3.1519001,0,0,17.230301,16.7642,7.4411998,0,0,0,16.6185,0,0,0,0,0,0,0,0,0,0,0,0,0,0,0,-2.9981999,0,0,0,0,0,0,0,0,0,0,0,0,0,0,0,0,0,0,0,0,0,0,0,0,0,0,0,0,0,0,246,726.02368,283,615.76923,74,32.42157,1.7943925,1.9649158,0.17562364,9332,8.2730494,41.419979,30,3.3967216,0.19813582,1534012.6,227.14827,285.16183,105.66666,38835,67597.766,67.944443,17,39752,119989.16,388.83334,265,5944,322,86.901314,6.8104935,5.5150342,1658,793,16.520834,2.1875,27.259691,15.801802,11.991385,8.0600595,4.9119835,2.9758525,0.56791019,0.30983925,0.16654702,0.091591582,0.048156701,0.025219088,8264,435.1647,6.2158046,1080,0.92951775,12.5,6.2222223,3.2222223,3.0366666,2.2641666,1.5731972,1.0520834,0.92846906,0.81939042,0.66095293,0.24509804,0.086419754,0.043543544,0.041598175,0.028660338,0.018954184,0.012524801,0.011053204,0.0094182808,0.0077759167,0.49727032,54617,116.53449,227.14827,152.97037,0,0,27.777779,66,251,34,0,62,0,0,0,194,51,0,101,0,0,0,0,0,12,0,0,0,0,0,0,0,0,0,0,0,0,0,0,0,0,0,0,7521.8652,7660.2642,7521.542,9970.5664,10459.436,1.7702161,1.7406265,1.7701745,1.3513082,1.2889408,22,11,1,1.435782,35.259495,23.637779,22.893858,17.584551,12.611931,9.1641932,35.009495,22.743441,21.483175,16.783688,12.190336,8.4865904,0.72936451,0.44594982,0.29837742,0.19072372,0.1195131,0.075102568,5.2948389,501.84775,41.200623,19.498037,17.685997,16.736069,0.58896327,0.3319144,0.16195241,0.092043199,126.13889,0,0,1,3,0,0,0,0,0,0,0,0,0,0,0,0,0,0,48,51,23,23,4,4,1,1,42,-19,0.47916666,-1.6521739,0.17391305,799.42584,92.363319,0,0,0,0,0,0,707.06256,56.354702,90.486641,150.71217,102.11528,12.365154,10.364537,0,0,17.775217,359.25217,26.390463,55.602348,31.33322,44.705593,0,60.059982,72.968269,197.92569,252.81468,25.982058,0,23.571255,8.0722885,0,223
[S-]CCNC(=O)C1[NH2+]CC[NH+](C1)Cc1ccc(F)cc1,BACE_224,1,Valid,,298.39941,-2.1447999,1,2,5,20,0,2,2,50.150002,44.500999,68.051003,35.039001,0,0,0,0,0,0,0,0,0,1,0,0,1,1,0,0,1,1,0,0,0,0,1,0,1,0,0,1,0,0,0,0,0,0,0,0,1,0,0,0,0,1,0,0,0,0,0,0,0,0,0,0,0,0,0,0,0,0,0,0,0,0,0,0,0,0,0,0,0,0,0,0,0,0,0,0,0,0,0,0,0,0,0,0,0,0,0,0,0,0,0,0,0,0,0,0,0,6,0,0,4,1,0,0,1,2,0,0,0,0,1,0,1,0,0,1,0,0,0,0,0,0,0,0,1,0,0,0,0,1,0,0,0,0,0,0,0,0,0,0,0,0,0,0,0,0,0,0,0,0,0,0,0,0,0,0,0,0,0,0,0,0,0,0,0,0,0,0,0,0,0,0,0,0,0,0,0,0,0,0,0,0,0,0,0,17.801399,0,0,13.2896,1.8089,0,0,1.8301001,3.5423999,0,0,0,0,4.9074001,0,5.6592002,0,0,3,0,0,0,0,0,0,0,0,16.4613,0,0,0,0,15.9875,0,0,0,0,0,0,0,0,0,0,0,0,0,0,0,0,0,0,0,0,0,0,0,0,0,0,0,0,0,0,0,0,0,0,0,0,0,0,0,0,0,0,0,0,0,0,0,0,0,0,0,0,0,0,0,2.9669001,0,0,3.3224001,1.8089,0,0,1.8301001,1.7711999,0,0,0,0,4.9074001,0,5.6592002,0,0,3,0,0,0,0,0,0,0,0,16.4613,0,0,0,0,15.9875,0,0,0,0,0,0,0,0,0,0,0,0,0,0,0,0,0,0,0,0,0,0,0,0,0,0,0,0,0,0,0,0,0,0,0,0,0,0,0,0,0,0,0,0,0,0,96,243.44444,107,216.33333,26,13.810827,1.875,1.9947952,0.26908541,920,4.8421054,20.236412,11,2.7464395,0.2878904,52.829914,62.594131,89.987503,44,3825,6120.3335,16.4,5,3737,9284.667,92,66,520,72,22.875822,4.9480639,1.8778735,401,196,9.8000002,1.52,11.401203,6.9594207,5.133389,3.5631082,2.5415924,1.4135031,0.57006019,0.33140099,0.19012552,0.11134713,0.066884011,0.038202785,760.83331,32.24305,4.0031009,36,0.99420297,4,1.7777778,1,0.84444445,0.33333334,0.38367346,0.2326389,0.12723608,0.096874997,0.037139066,0.19047619,0.065843619,0.03846154,0.038383838,0.015151516,0.02019334,0.013684641,0.0097873909,0.010763889,0.0053055808,0.40274596,3452,40.297523,62.594131,64.614761,0,0,11.305555,10,9,16,0,25,0,0,0,0,5,0,10,0,0,0,0,0,13,0,0,0,0,0,0,0,0,0,0,0,0,0,0,0,0,0,0,774.34521,786.19208,773.82935,1039.8877,1108.0148,2.0252452,2.0037043,2.0260854,1.5263442,1.4341931,13,7,0.85714287,1.7226115,14.872033,10.039425,8.5238237,6.6199994,4.9635572,3.4173048,14.372033,9.6858721,8.2738237,6.4432225,4.861495,3.2563171,0.71860164,0.46123201,0.30643791,0.2013507,0.12793408,0.088008568,3.2938418,136.0851,16.80559,8.7799959,8.4838209,7.3776507,0.55857146,0.30960578,0.15738659,0.093641363,48.166668,0,0,0,2,0,0,0,0,0,0,0,0,0,0,0,0,0,0,20,21,12,12,2,2,1,1,22,-10,0.60000002,-1.6666666,0.16666667,388.2955,27.323164,0,0,0,0,0,0,360.97232,40.386654,34.319988,72.95005,29.04178,2.646255,5.6801744,0,0,17.775217,185.49538,27.323164,24.717337,17.775217,2.984482,0,17.159994,23.621367,46.476021,130.70816,52.233925,0,0.31997105,7.9801702,36.995682,224
Fc1cc(cc(F)c1)CC(NC(=O)C)C(O)C[NH2+]C1CC(Oc2c1cc(cc2)CC(C)(C)C)C1CC1,BACE_225,1,Valid,,501.62839,4.7739,3,3,10,36,0,4,4,75.169998,84.084,131.4294,60.535999,0,0,0,0,0,0,0,1,0,1,0,0,1,1,0,0,1,1,0,1,0,0,1,0,1,0,0,0,0,0,0,0,0,0,0,1,1,1,0,0,0,1,0,0,0,0,0,0,0,0,0,0,0,0,0,0,0,0,0,0,0,0,0,0,0,0,0,0,0,0,0,0,0,0,0,0,0,0,0,0,0,0,0,0,0,0,0,0,0,0,0,0,0,0,0,4,0,5,0,0,6,5,0,0,1,6,0,1,0,0,1,0,1,0,0,0,0,0,0,0,0,0,0,1,1,1,0,0,0,2,0,0,0,0,0,0,0,0,0,0,0,0,0,0,0,0,0,0,0,0,0,0,0,0,0,0,0,0,0,0,0,0,0,0,0,0,0,0,0,0,0,0,0,0,0,0,0,0,0,0,0,0,0,19.649599,0,15.0782,0,0,21.7705,9.6169004,0,0,1.3414,12.2262,0,2.1415999,0,0,5.4935999,0,5.7579999,0,0,0,0,0,0,0,0,0,0,17.8053,16.4006,9.9611998,0,0,0,34.687099,0,0,0,0,0,0,0,0,0,0,0,0,0,0,0,0,0,0,0,0,0,0,0,0,0,0,0,0,0,0,0,0,0,0,0,0,0,0,0,0,0,0,0,0,0,0,0,0,0,0,0,0,0,4.9123998,0,3.0156,0,0,3.6284001,1.9234,0,0,1.3414,2.0376999,0,2.1415999,0,0,5.4935999,0,5.7579999,0,0,0,0,0,0,0,0,0,0,17.8053,16.4006,9.9611998,0,0,0,17.3435,0,0,0,0,0,0,0,0,0,0,0,0,0,0,0,0,0,0,0,0,0,0,0,0,0,0,0,0,0,0,0,0,0,0,0,0,0,0,0,0,0,0,0,0,0,0,192,475,221,435,54,24.96685,1.8227848,2.0007529,0.20013273,4251,6.7476192,32.790493,27,2.8537006,0.2161442,23947.309,152.06894,196.05336,79,18051,28631,38.935184,14,18632,45900,236.16667,166,2526,140,51.418209,5.7082219,2.3438716,927,437,12.138889,1.6466049,21.690483,12.995947,11.773133,7.133245,5.4748468,3.5140793,0.60251343,0.33322942,0.2065462,0.10646635,0.060831632,0.035495751,3658.7571,254.37221,5.5979962,630,0.99968821,11,3.1666667,2.9444444,2.3811111,1.3161111,1.1217687,0.88364512,0.52784866,0.44906634,0.41659218,0.2820513,0.058641974,0.05452675,0.042519841,0.023501985,0.020395795,0.016066276,0.010349973,0.0099792518,0.0083318437,0.51803315,20668,84.694679,152.06894,106.34571,0,0,20,4,26,0,0,28,0,0,0,22,0,0,54,0,0,0,0,0,0,0,0,0,0,0,0,0,0,4,0,0,0,0,0,0,0,0,0,3711.2678,3715.1846,3709.3198,4552.7495,4785.6665,1.570141,1.5686102,1.5706586,1.2860476,1.226487,15,8,0.875,1.3750561,26.034805,16.963348,17.160231,11.766412,10.371265,7.206181,26.034805,16.963348,17.160231,11.191497,10.371265,7.1506257,0.72318906,0.43495765,0.30105668,0.17486714,0.11523628,0.07296557,4.5048528,342.75449,28.879349,13.793034,13.002202,11.064828,0.59619707,0.30823997,0.17086887,0.097873434,85.583336,1,0,0,3,0,0,0,0,0,0,0,0,0,0,0,0,0,0,36,39,19,20,4,3,0.75,1.3333334,37,-17,0.52777779,-1.7894737,0.15789473,660.78278,6.2302933,0,0,0,0,0,0,654.55249,74.666336,60.855122,68.80648,14.201327,7.938765,16.425537,0,0,35.550434,382.33875,28.171394,24.717337,35.550434,0,0,39.497169,48.16951,289.27991,114.44881,40.115906,7.9801702,8.1883268,0,24.663788,225
[S-]CCCC(=O)NC1CC[NH+](CC1)Cc1c(OC)cccc1OC,BACE_226,1,Valid,,352.49149,-0.16769999,3,1,8,24,0,0,2,52,48.167999,88.846298,42.006001,0,0,0,0,0,0,0,1,0,1,0,0,1,1,0,0,1,1,0,0,0,0,0,0,1,0,0,1,0,0,0,0,0,0,0,0,1,1,0,0,0,0,0,0,0,0,0,0,0,0,0,0,0,0,0,0,0,0,0,0,0,0,0,0,0,0,0,0,0,0,0,0,0,0,0,0,0,0,0,0,0,0,0,0,0,0,0,0,0,0,0,0,0,0,0,2,0,8,0,0,3,1,0,0,1,3,0,0,0,0,0,0,1,0,0,1,0,0,0,0,0,0,0,0,1,2,0,0,0,0,0,0,0,0,0,0,0,0,0,0,0,0,0,0,0,0,0,0,0,0,0,0,0,0,0,0,0,0,0,0,0,0,0,0,0,0,0,0,0,0,0,0,0,0,0,0,0,0,0,0,0,0,0,7.9061999,0,25.1759,0,0,11.362,2.2667999,0,0,1.9342999,7.7272,0,0,0,0,0,0,6.1823001,0,0,4,0,0,0,0,0,0,0,0,16.474199,16.8458,0,0,0,0,0,0,0,0,0,0,0,0,0,0,0,0,0,0,0,0,0,0,0,0,0,0,0,0,0,0,0,0,0,0,0,0,0,0,0,0,0,0,0,0,0,0,0,0,0,0,0,0,0,0,0,0,0,3.9531,0,3.1470001,0,0,3.7873001,2.2667999,0,0,1.9342999,2.5757,0,0,0,0,0,0,6.1823001,0,0,4,0,0,0,0,0,0,0,0,16.474199,8.4229002,0,0,0,0,0,0,0,0,0,0,0,0,0,0,0,0,0,0,0,0,0,0,0,0,0,0,0,0,0,0,0,0,0,0,0,0,0,0,0,0,0,0,0,0,0,0,0,0,0,0,114,274.44446,129,255.33333,34,16.295734,1.8461539,1.9718831,0.24772112,1550,5.615942,23.816446,12,2.9235332,0.27943218,162.29294,81.338928,116.10892,52,6319,9391.333,23.5,6,6149,13301.333,129.16667,94,844,110,21.268282,4.8124633,1.5280576,541,266,11.083333,2,14.599249,8.5844994,6.2173285,4.5626574,3.2319558,1.8733217,0.608302,0.34338,0.19429152,0.11406644,0.065958276,0.038231052,1289.5,45.722488,4.6594977,36,1.0301399,4.5,2.2222223,1.3125,1.4755555,0.59027779,0.34204081,0.30381945,0.15998992,0.16125,0.10335679,0.18000001,0.069444448,0.038602941,0.046111111,0.019041218,0.013155416,0.015190972,0.010665995,0.011517857,0.0068904529,0.40372995,6723,49.970734,81.338928,77.399605,0,0,13.305555,4,32,14,0,0,0,0,0,24,31,0,0,0,0,0,0,0,0,0,0,0,0,0,0,0,0,0,0,0,0,0,0,0,0,0,0,1329.7024,1343.9938,1329.9978,1817.5708,1928.527,2.0254891,2.0103295,2.025048,1.5025117,1.4161147,14,7,1,1.746955,17.863596,12.026118,9.7869701,7.9443636,6.2832518,4.3866224,17.363596,11.672565,9.5369701,7.7675867,6.18119,4.2123919,0.7234832,0.46690261,0.29803032,0.19418967,0.12614673,0.085967176,3.613518,176.55122,20.807573,11.263313,9.1446123,9.7650928,0.5500496,0.32528666,0.17689754,0.09761291,51.833332,0,0,0,2,0,0,0,0,0,0,0,0,0,0,0,0,0,0,24,25,12,12,2,2,1,1,22,-10,0.5,-1.6666666,0.16666667,488.52393,25.542233,0,0,0,0,0,0,462.98169,68.867706,25.739992,48.286263,48.545712,2.646255,10.130377,0,0,0,284.30762,45.046162,24.717337,0,2.984482,0,13.02936,17.159994,159.58719,189.47514,16.212194,0,7.9801702,0,12.331894,226
O(C1CC=CC=C1)c1cc2CN(C(CNC(=O)C3CCCCC3)C3CCCCC3)C(=[NH+]c2cc1)N,BACE_227,1,Valid,,477.66141,3.9019001,2,1,7,35,0,2,5,81.559998,66.167,139.88901,57.998001,0,0,0,0,0,0,0,0,0,1,0,1,1,1,0,0,1,1,0,0,0,1,0,0,1,0,0,0,0,0,1,0,0,0,0,0,1,1,0,0,0,0,0,0,0,0,0,0,0,0,0,0,0,0,0,0,0,0,0,0,0,0,0,0,0,0,0,0,0,0,0,0,0,0,0,0,0,0,0,0,0,0,0,0,0,0,0,0,0,0,0,0,0,0,0,0,0,13,0,4,3,4,0,0,2,3,0,0,0,1,0,0,1,0,0,0,0,0,1,0,0,0,0,0,1,1,0,0,0,0,0,0,0,0,0,0,0,0,0,0,0,0,0,0,0,0,0,0,0,0,0,0,0,0,0,0,0,0,0,0,0,0,0,0,0,0,0,0,0,0,0,0,0,0,0,0,0,0,0,0,0,0,0,0,0,44.374599,0,16.011299,12.8077,9.3084002,0,0,5.5743999,9.1341,0,0,0,11.5967,0,0,6.8453999,0,0,0,0,0,5.3392,0,0,0,0,0,18.782301,9.3818998,0,0,0,0,0,0,0,0,0,0,0,0,0,0,0,0,0,0,0,0,0,0,0,0,0,0,0,0,0,0,0,0,0,0,0,0,0,0,0,0,0,0,0,0,0,0,0,0,0,0,0,0,0,0,0,0,0,0,0,3.4133999,0,4.0028,4.2691998,2.3271,0,0,2.7872,3.0446999,0,0,0,11.5967,0,0,6.8453999,0,0,0,0,0,5.3392,0,0,0,0,0,18.782301,9.3818998,0,0,0,0,0,0,0,0,0,0,0,0,0,0,0,0,0,0,0,0,0,0,0,0,0,0,0,0,0,0,0,0,0,0,0,0,0,0,0,0,0,0,0,0,0,0,0,0,0,0,184,369,215,391,55,26.928509,2.0792079,2.1584404,0.19270539,3918,6.5848742,32.165668,25,3.1055996,0.218468,39.064049,147.75725,188.60068,74,17320,23729,40.561634,10,18647,34488,223.88571,152,2516,175,27.916828,5.9717069,1.4308128,993,452,12.914286,1.9216326,20.884302,13.738879,10.707676,8.2740755,6.2551799,3.2285812,0.59669435,0.35227898,0.20203163,0.11820108,0.068738244,0.034346607,3102.9714,291.65799,4.6373043,7560,1.0568368,5.5,3.3333333,2,1.6711111,1,0.99183673,0.5920139,0.40211639,0.31062499,0.17732884,0.14102565,0.062893085,0.036363635,0.032766886,0.018518519,0.018033395,0.010571676,0.0075871018,0.0066090426,0.0046665482,0.33436897,18856,83.497932,147.75725,106.10137,0,0,17.5,19,46,0,0,0,0,0,0,10,0,0,0,0,0,0,0,0,0,0,0,0,0,0,0,0,0,0,0,0,0,0,0,0,0,0,0,3369.25,3373.083,3370.0144,4564.083,4859.0767,1.4107649,1.4090692,1.4104362,1.0373996,0.97353643,17,9,0.8888889,1.208454,24.036959,17.169836,15.066187,12.8354,10.718168,6.9250879,24.036959,17.169836,15.066187,12.8354,10.718168,6.9250879,0.68677026,0.44025221,0.28426769,0.18336286,0.11778206,0.073671147,4.6090951,337.00351,26.60092,13.181203,11.509421,10.018061,0.57244897,0.33360955,0.18330777,0.10358997,68.666664,0,0,0,5,0,0,0,0,0,0,0,0,0,0,0,0,0,0,35,39,28,29,5,4,0.80000001,1.25,54,-25,0.80000001,-1.7857143,0.14285715,649.43549,4.9869161,0,0,0,0,0,0,644.44855,84.821411,60.671749,68.357986,9.7519655,2.646255,9.7495518,0,0,0,413.43655,9.7519655,24.717337,13.558003,4.9869161,0,43.873344,46.59206,370.94434,70.529289,30.107586,0,12.664534,0,21.710098,227
OC(C(NC(=O)C(NC(=O)C(NC(=O)C([NH3+])CCC(=O)[O-])C(C)C)CC(=O)N)CC(C)C)CC(C(=O)NC(C(=O)NC(CCC(=O)[O-])C(=O)NC(Cc1ccccc1)C(=O)[O-])C)C,BACE_228,1,Valid,,890.9762,-4.3611002,8,9,29,63,0,9,1,385.95001,192,212.3884,90.276001,0,0,0,0,0,0,0,1,0,1,0,0,1,1,0,0,1,1,0,0,1,1,0,0,1,0,0,0,0,0,0,0,0,0,0,1,1,0,0,1,1,0,0,0,0,0,0,0,0,0,0,0,0,0,0,0,0,0,0,0,0,0,0,0,0,0,0,0,0,0,0,0,0,0,0,0,0,0,0,0,0,0,0,0,0,0,0,0,0,0,0,0,0,0,0,6,0,8,0,0,5,11,0,0,10,1,0,0,1,1,0,0,6,0,0,0,0,0,0,0,0,0,0,1,7,0,0,3,3,0,0,0,0,0,0,0,0,0,0,0,0,0,0,0,0,0,0,0,0,0,0,0,0,0,0,0,0,0,0,0,0,0,0,0,0,0,0,0,0,0,0,0,0,0,0,0,0,0,0,0,0,0,0,28.2113,0,13.2563,0,0,16.920799,9.0246,0,0,4.5183001,2.0515001,0,0,7.8885999,9.7705002,0,0,33.698002,0,0,0,0,0,0,0,0,0,0,19.020201,130.9561,0,0,43.970501,59.702499,0,0,0,0,0,0,0,0,0,0,0,0,0,0,0,0,0,0,0,0,0,0,0,0,0,0,0,0,0,0,0,0,0,0,0,0,0,0,0,0,0,0,0,0,0,0,0,0,0,0,0,0,0,0,4.7019,0,1.6569999,0,0,3.3842001,0.8204,0,0,0.45179999,2.0515001,0,0,7.8885999,9.7705002,0,0,5.6163001,0,0,0,0,0,0,0,0,0,0,19.020201,18.708,0,0,14.6568,19.900801,0,0,0,0,0,0,0,0,0,0,0,0,0,0,0,0,0,0,0,0,0,0,0,0,0,0,0,0,0,0,0,0,0,0,0,0,0,0,0,0,0,0,0,0,0,0,0,296,960,327,781,91,37.339268,1.6223176,1.8088418,0.16365041,22054,11.292371,52.134575,25,3.8958087,0.21030028,3.9593554e+013,314.71695,411.51077,144,86562,160905,116.89896,22,84197,289816,700.12701,503,12419,508,150.6456,6.5929422,3.2929902,2865,1449,23,3.3968253,36.433357,20.583164,16.290289,9.8188076,6.2024593,3.9090381,0.57830727,0.3267169,0.19165045,0.1044554,0.058513768,0.032575317,21864,0,11.551884,6,0.9801507,17.5,8,4.3125,4.5511112,2.9513888,1.9387754,1.8715278,1.3580247,0.87124997,0.85123962,0.27777779,0.094117649,0.047390111,0.04597082,0.025443008,0.017006801,0.01686061,0.011707109,0.0079931188,0.0086861188,0.544267,179715,148.4059,314.71695,187.00671,0,0,40.5,272,1244,0,0,0,0,0,0,1230,0,0,0,0,0,0,0,0,0,0,0,0,0,0,0,0,0,0,0,0,0,0,0,0,0,0,0,20081.928,20107.148,20085.961,26222.783,27869.338,3.2933815,3.2892101,3.2927237,2.5280635,2.3792057,30,15,1,3.0122092,48.136734,29.316162,27.556192,18.910973,13.474618,10.352837,48.136734,29.316162,27.556192,18.910973,13.474618,10.352837,0.76407516,0.46533591,0.3241905,0.20118056,0.12711903,0.08627364,6.1454744,658.81097,61.015873,31.931072,26.953266,30.925432,0.58165157,0.30838186,0.14656705,0.088243678,186,0,0,0,1,0,0,0,0,0,0,0,0,0,0,0,0,0,0,63,63,6,6,1,1,1,1,11,-5,0.095238097,-1.6666666,0.16666667,1218.9095,82.471603,0,0,0,0,0,0,1136.4379,231.28746,59.538486,378.54166,0,2.646255,0,0,0,0,546.89569,152.92511,145.20039,33.895008,0,0,94.428604,35.979038,435.79358,128.07826,91.244339,8.3001413,48.08918,7.9801702,36.995682,228
[S-]CCCC(=O)NC1CC[NH+](CC1)Cc1ccccc1,BACE_229,1,Valid,,292.43961,-0.1349,1,1,6,20,0,0,2,33.540001,37.834,75.919899,37.062,0,0,0,0,0,0,0,0,0,1,0,0,1,1,0,0,1,1,0,0,0,0,0,0,1,0,0,1,0,0,0,0,0,0,0,0,1,0,0,0,0,0,0,0,0,0,0,0,0,0,0,0,0,0,0,0,0,0,0,0,0,0,0,0,0,0,0,0,0,0,0,0,0,0,0,0,0,0,0,0,0,0,0,0,0,0,0,0,0,0,0,0,0,0,0,0,0,8,0,0,5,1,0,0,1,1,0,0,0,0,0,0,1,0,0,1,0,0,0,0,0,0,0,0,1,0,0,0,0,0,0,0,0,0,0,0,0,0,0,0,0,0,0,0,0,0,0,0,0,0,0,0,0,0,0,0,0,0,0,0,0,0,0,0,0,0,0,0,0,0,0,0,0,0,0,0,0,0,0,0,0,0,0,0,0,25.492201,0,0,19.756701,2.2990999,0,0,1.9322,3.141,0,0,0,0,0,0,6.1244001,0,0,4,0,0,0,0,0,0,0,0,16.207399,0,0,0,0,0,0,0,0,0,0,0,0,0,0,0,0,0,0,0,0,0,0,0,0,0,0,0,0,0,0,0,0,0,0,0,0,0,0,0,0,0,0,0,0,0,0,0,0,0,0,0,0,0,0,0,0,0,0,0,0,3.1865001,0,0,3.9512999,2.2990999,0,0,1.9322,3.141,0,0,0,0,0,0,6.1244001,0,0,4,0,0,0,0,0,0,0,0,16.207399,0,0,0,0,0,0,0,0,0,0,0,0,0,0,0,0,0,0,0,0,0,0,0,0,0,0,0,0,0,0,0,0,0,0,0,0,0,0,0,0,0,0,0,0,0,0,0,0,0,0,0,94,186.44444,103,181.33333,24,14.09851,1.9354838,2.0236959,0.26632589,992,5.2210526,20.624722,10,2.9709506,0.31543839,32.186954,61.024673,91.464539,42,4145,5709.3335,19.200001,4,4097,7630.6665,99.199997,76,464,74,14.311838,4.6785007,1.4941117,437,212,10.6,1.9400001,11.937452,7.5264215,5.5618405,3.9029422,2.7642643,1.5239639,0.59687263,0.35840103,0.21391694,0.13009807,0.076785117,0.046180725,810.83331,34.36198,4.4336042,36,1.0752031,3.5,1.1111112,0.8125,0.77333331,0.1875,0.30122447,0.1545139,0.11917359,0.081249997,0.037241098,0.16666667,0.042735044,0.033854168,0.036825396,0.0089285718,0.017719088,0.011036706,0.010833963,0.0081249997,0.0041378997,0.33672461,4088,39.38026,61.024673,63.784634,0,0,10.305555,4,8,14,0,0,0,0,0,0,5,0,0,0,0,0,0,0,0,0,0,0,0,0,0,0,0,0,0,0,0,0,0,0,0,0,0,864.96429,876.44727,865.10486,1099.7363,1154.9789,1.8098706,1.7931138,1.8095607,1.4190789,1.3470416,14,7,1,1.5909325,14.708896,10.128741,8.3595915,6.320694,4.9386697,3.1700799,14.208896,9.7751884,8.1095915,6.1439171,4.8366079,2.9958491,0.71044481,0.46548516,0.31190738,0.20479724,0.13435021,0.090783305,3.4053273,131.67125,16.86344,9.5035601,9.9781342,8.0131359,0.54666668,0.29568905,0.15673141,0.088935576,41.5,0,0,0,2,0,0,0,0,0,0,0,0,0,0,0,0,0,0,20,21,12,12,2,2,1,1,22,-10,0.60000002,-1.6666666,0.16666667,406.44202,25.542233,0,0,0,0,0,0,380.89978,43.480431,42.899986,48.286263,29.04178,2.646255,0,0,0,0,240.0873,25.542233,24.717337,0,2.984482,0,47.34935,0,136.84618,132.47818,16.212194,0,7.9801702,0,12.331894,229
[S-]CCCNC(=O)C1[NH2+]CC[NH+](C1)Cc1ccc(F)cc1,BACE_230,1,Valid,,312.42599,-2.0824001,1,2,6,21,0,2,2,50.150002,46.000999,72.916397,36.874001,0,0,0,0,0,0,0,0,0,1,0,0,1,1,0,0,1,1,0,0,0,0,1,0,1,0,0,1,0,0,0,0,0,0,0,0,1,0,0,0,0,1,0,0,0,0,0,0,0,0,0,0,0,0,0,0,0,0,0,0,0,0,0,0,0,0,0,0,0,0,0,0,0,0,0,0,0,0,0,0,0,0,0,0,0,0,0,0,0,0,0,0,0,0,0,0,0,7,0,0,4,1,0,0,1,2,0,0,0,0,1,0,1,0,0,1,0,0,0,0,0,0,0,0,1,0,0,0,0,1,0,0,0,0,0,0,0,0,0,0,0,0,0,0,0,0,0,0,0,0,0,0,0,0,0,0,0,0,0,0,0,0,0,0,0,0,0,0,0,0,0,0,0,0,0,0,0,0,0,0,0,0,0,0,0,21.3689,0,0,13.3984,1.8487999,0,0,1.9091001,3.5853,0,0,0,0,4.9705,0,5.8653998,0,0,3,0,0,0,0,0,0,0,0,16.8482,0,0,0,0,16.086599,0,0,0,0,0,0,0,0,0,0,0,0,0,0,0,0,0,0,0,0,0,0,0,0,0,0,0,0,0,0,0,0,0,0,0,0,0,0,0,0,0,0,0,0,0,0,0,0,0,0,0,0,0,0,0,3.0527,0,0,3.3496001,1.8487999,0,0,1.9091001,1.7927001,0,0,0,0,4.9705,0,5.8653998,0,0,3,0,0,0,0,0,0,0,0,16.8482,0,0,0,0,16.086599,0,0,0,0,0,0,0,0,0,0,0,0,0,0,0,0,0,0,0,0,0,0,0,0,0,0,0,0,0,0,0,0,0,0,0,0,0,0,0,0,0,0,0,0,0,0,100,247.44444,111,220.33333,27,14.503975,1.880597,1.9950427,0.26257688,1078,5.1333332,21.259703,11,2.9151959,0.29148924,57.375954,66.565567,96.76178,46,4463,6962.6665,18.825397,5,4370,10296,102.66666,74,602,84,23.486429,5.0762758,1.8752571,450,220,10.476191,1.7369615,12.10831,7.4594207,5.4869423,3.7821605,2.6511185,1.4864068,0.57658619,0.33906457,0.19596224,0.11461092,0.067977399,0.039115969,905.66669,36.595066,4.3484149,36,1.0171938,4,1.7777778,1,0.84444445,0.3888889,0.38367346,0.2326389,0.13958175,0.1125,0.037139066,0.18181819,0.063492067,0.037037037,0.036714975,0.016908213,0.018270165,0.012244152,0.0093054501,0.010227272,0.0046423832,0.3860175,4286,42.325497,66.565567,67.614761,0,0,11.805555,10,9,19,0,25,0,0,0,0,6,0,10,0,0,0,0,0,14,0,0,0,0,0,0,0,0,0,0,0,0,0,0,0,0,0,0,918.90479,931.46851,918.37561,1219.3746,1296.8788,1.9742544,1.955462,1.9749526,1.499168,1.4102217,14,7,1,1.6969759,15.57914,10.539425,8.8773766,6.8699994,5.1767087,3.3785191,15.07914,10.185872,8.6273766,6.6932225,5.0517087,3.3063502,0.71805423,0.46299419,0.30812061,0.20282492,0.12953098,0.087009214,3.4155324,144.26331,17.789721,9.5511541,9.2316151,8.0910654,0.55578232,0.30563363,0.15380655,0.089188911,49.666668,0,0,0,2,0,0,0,0,0,0,0,0,0,0,0,0,0,0,21,22,12,12,2,2,1,1,22,-10,0.5714286,-1.6666666,0.16666667,414.65973,27.323164,0,0,0,0,0,0,387.33658,44.836018,34.319988,72.95005,29.04178,2.646255,5.6801744,0,0,17.775217,207.41025,27.323164,24.717337,17.775217,2.984482,0,21.609356,17.159994,74.85228,130.70816,52.233925,0,0.31997105,7.9801702,36.995682,230
